"User_Id";"Cus_Id";"CR_Date_From";"CR_Date_To";"CIT_Status";"Cur_Code";"CU_Id";"CIT_Count";"CIT_Quantity";"CIT_Generation";"CI_CC_Id";"CU_Operation";"Typ_Code";"CC_Cur_Code";"CI_Id";"Rat_Id";"Rat_Price";"Rat_MU_Code";"Rat_Cur_Code";"Rat_Period";"Rat_Hourly";"Rat_Daily";"Rat_Monthly";"CR_Quantity";"CR_Quantity_at_Rate";"CC_XR";"CR_Cur_XR";"CR_ST_at_Rate_Cur";"CR_ST_at_CC_Cur";"CR_ST_at_Cur";"Cus_Name";"CI_Name";"CU_Description";"CC_Description";"Rat_Period_Description";"CC_Code";"Pla_Id";"Pla_Name";
"1";"3";"2021-10-01";"2021-10-31";"1";"UF";"712";"217";"3472.000000000000";"1";"30070341";"NONE";"CPU";"UF";"7280";"10";"0.000072571429";"UNT";"UF";"1";"0.000072571429";"0.001741714296";"0.052251428880";"3472.000000000000";"3472.000000000000";"1.000000000000";"1.000000000000";"0.251968001488";"0.251968001488";"0.251968001488";"LUMEN";"SORALAB";"SORALAB - CPU";"GERENCIA DE TECNOLOGIA DE LA INFORMACION-TEST (HDD)";"HOUR";"30070341";"2";"CenturyLink - AAAA Nutanix PC v3";
"1";"3";"2021-10-01";"2021-10-31";"1";"UF";"714";"217";"15190.000000000000";"1";"30070341";"NONE";"DSK";"UF";"7280";"483";"0.001186000000";"GB";"UF";"3";"0.000001647222";"0.000039533333";"0.001186000000";"15190.000000000000";"21.097222222222";"1.000000000000";"1.000000000000";"0.025021305556";"0.025021305556";"0.025021305556";"LUMEN";"SORALAB";"SORALAB - DSK";"GERENCIA DE TECNOLOGIA DE LA INFORMACION-TEST (HDD)";"MONTH";"30070341";"2";"CenturyLink - AAAA Nutanix PC v3";
"1";"3";"2021-10-01";"2021-10-31";"1";"UF";"715";"217";"10850.000000000000";"1";"30070341";"NONE";"DSK";"UF";"7280";"483";"0.001186000000";"GB";"UF";"3";"0.000001647222";"0.000039533333";"0.001186000000";"10850.000000000000";"15.069444444444";"1.000000000000";"1.000000000000";"0.017872361111";"0.017872361111";"0.017872361111";"LUMEN";"SORALAB";"SORALAB - DSK";"GERENCIA DE TECNOLOGIA DE LA INFORMACION-TEST (HDD)";"MONTH";"30070341";"2";"CenturyLink - AAAA Nutanix PC v3";
"1";"3";"2021-10-01";"2021-10-31";"1";"UF";"713";"217";"3472.000000000000";"1";"30070341";"NONE";"RAM";"UF";"7280";"9";"0.000076142857";"GB";"UF";"1";"0.000076142857";"0.001827428568";"0.054822857040";"3472.000000000000";"3472.000000000000";"1.000000000000";"1.000000000000";"0.264367999504";"0.264367999504";"0.264367999504";"LUMEN";"SORALAB";"SORALAB - RAM";"GERENCIA DE TECNOLOGIA DE LA INFORMACION-TEST (HDD)";"HOUR";"30070341";"2";"CenturyLink - AAAA Nutanix PC v3";
"1";"3";"2021-10-01";"2021-10-31";"1";"UF";"716";"606";"9696.000000000000";"1";"30070341";"NONE";"CPU";"UF";"7281";"10";"0.000072571429";"UNT";"UF";"1";"0.000072571429";"0.001741714296";"0.052251428880";"9696.000000000000";"9696.000000000000";"1.000000000000";"1.000000000000";"0.703652575584";"0.703652575584";"0.703652575584";"LUMEN";"rac1";"rac1 - CPU";"GERENCIA DE TECNOLOGIA DE LA INFORMACION-TEST (HDD)";"HOUR";"30070341";"2";"CenturyLink - AAAA Nutanix PC v3";
"1";"3";"2021-10-01";"2021-10-31";"1";"UF";"718";"606";"42420.000000000000";"1";"30070341";"NONE";"DSK";"UF";"7281";"483";"0.001186000000";"GB";"UF";"3";"0.000001647222";"0.000039533333";"0.001186000000";"42420.000000000000";"58.916666666667";"1.000000000000";"1.000000000000";"0.069875166667";"0.069875166667";"0.069875166667";"LUMEN";"rac1";"rac1 - DSK";"GERENCIA DE TECNOLOGIA DE LA INFORMACION-TEST (HDD)";"MONTH";"30070341";"2";"CenturyLink - AAAA Nutanix PC v3";
"1";"3";"2021-10-01";"2021-10-31";"1";"UF";"719";"606";"36360.000000000000";"1";"30070341";"NONE";"DSK";"UF";"7281";"483";"0.001186000000";"GB";"UF";"3";"0.000001647222";"0.000039533333";"0.001186000000";"36360.000000000000";"50.500000000000";"1.000000000000";"1.000000000000";"0.059893000000";"0.059893000000";"0.059893000000";"LUMEN";"rac1";"rac1 - DSK";"GERENCIA DE TECNOLOGIA DE LA INFORMACION-TEST (HDD)";"MONTH";"30070341";"2";"CenturyLink - AAAA Nutanix PC v3";
"1";"3";"2021-10-01";"2021-10-31";"1";"UF";"717";"606";"9696.000000000000";"1";"30070341";"NONE";"RAM";"UF";"7281";"9";"0.000076142857";"GB";"UF";"1";"0.000076142857";"0.001827428568";"0.054822857040";"9696.000000000000";"9696.000000000000";"1.000000000000";"1.000000000000";"0.738281141472";"0.738281141472";"0.738281141472";"LUMEN";"rac1";"rac1 - RAM";"GERENCIA DE TECNOLOGIA DE LA INFORMACION-TEST (HDD)";"HOUR";"30070341";"2";"CenturyLink - AAAA Nutanix PC v3";
"1";"3";"2021-10-01";"2021-10-31";"1";"UF";"720";"606";"9696.000000000000";"1";"30070341";"NONE";"CPU";"UF";"7282";"10";"0.000072571429";"UNT";"UF";"1";"0.000072571429";"0.001741714296";"0.052251428880";"9696.000000000000";"9696.000000000000";"1.000000000000";"1.000000000000";"0.703652575584";"0.703652575584";"0.703652575584";"LUMEN";"rac2";"rac2 - CPU";"GERENCIA DE TECNOLOGIA DE LA INFORMACION-TEST (HDD)";"HOUR";"30070341";"2";"CenturyLink - AAAA Nutanix PC v3";
"1";"3";"2021-10-01";"2021-10-31";"1";"UF";"722";"606";"36360.000000000000";"1";"30070341";"NONE";"DSK";"UF";"7282";"483";"0.001186000000";"GB";"UF";"3";"0.000001647222";"0.000039533333";"0.001186000000";"36360.000000000000";"50.500000000000";"1.000000000000";"1.000000000000";"0.059893000000";"0.059893000000";"0.059893000000";"LUMEN";"rac2";"rac2 - DSK";"GERENCIA DE TECNOLOGIA DE LA INFORMACION-TEST (HDD)";"MONTH";"30070341";"2";"CenturyLink - AAAA Nutanix PC v3";
"1";"3";"2021-10-01";"2021-10-31";"1";"UF";"723";"606";"42420.000000000000";"1";"30070341";"NONE";"DSK";"UF";"7282";"483";"0.001186000000";"GB";"UF";"3";"0.000001647222";"0.000039533333";"0.001186000000";"42420.000000000000";"58.916666666667";"1.000000000000";"1.000000000000";"0.069875166667";"0.069875166667";"0.069875166667";"LUMEN";"rac2";"rac2 - DSK";"GERENCIA DE TECNOLOGIA DE LA INFORMACION-TEST (HDD)";"MONTH";"30070341";"2";"CenturyLink - AAAA Nutanix PC v3";
"1";"3";"2021-10-01";"2021-10-31";"1";"UF";"721";"606";"9696.000000000000";"1";"30070341";"NONE";"RAM";"UF";"7282";"9";"0.000076142857";"GB";"UF";"1";"0.000076142857";"0.001827428568";"0.054822857040";"9696.000000000000";"9696.000000000000";"1.000000000000";"1.000000000000";"0.738281141472";"0.738281141472";"0.738281141472";"LUMEN";"rac2";"rac2 - RAM";"GERENCIA DE TECNOLOGIA DE LA INFORMACION-TEST (HDD)";"HOUR";"30070341";"2";"CenturyLink - AAAA Nutanix PC v3";
"1";"3";"2021-10-01";"2021-10-31";"1";"UF";"724";"217";"434.000000000000";"1";"30070341";"NONE";"CPU";"UF";"7283";"10";"0.000072571429";"UNT";"UF";"1";"0.000072571429";"0.001741714296";"0.052251428880";"434.000000000000";"434.000000000000";"1.000000000000";"1.000000000000";"0.031496000186";"0.031496000186";"0.031496000186";"LUMEN";"Desktop Lab Citrix";"Desktop Lab Citrix - CPU";"GERENCIA DE TECNOLOGIA DE LA INFORMACION-TEST (HDD)";"HOUR";"30070341";"2";"CenturyLink - AAAA Nutanix PC v3";
"1";"3";"2021-10-01";"2021-10-31";"1";"UF";"726";"217";"6510.000000000000";"1";"30070341";"NONE";"DSK";"UF";"7283";"483";"0.001186000000";"GB";"UF";"3";"0.000001647222";"0.000039533333";"0.001186000000";"6510.000000000000";"9.041666666667";"1.000000000000";"1.000000000000";"0.010723416667";"0.010723416667";"0.010723416667";"LUMEN";"Desktop Lab Citrix";"Desktop Lab Citrix - DSK";"GERENCIA DE TECNOLOGIA DE LA INFORMACION-TEST (HDD)";"MONTH";"30070341";"2";"CenturyLink - AAAA Nutanix PC v3";
"1";"3";"2021-10-01";"2021-10-31";"1";"UF";"725";"217";"868.000000000000";"1";"30070341";"NONE";"RAM";"UF";"7283";"9";"0.000076142857";"GB";"UF";"1";"0.000076142857";"0.001827428568";"0.054822857040";"868.000000000000";"868.000000000000";"1.000000000000";"1.000000000000";"0.066091999876";"0.066091999876";"0.066091999876";"LUMEN";"Desktop Lab Citrix";"Desktop Lab Citrix - RAM";"GERENCIA DE TECNOLOGIA DE LA INFORMACION-TEST (HDD)";"HOUR";"30070341";"2";"CenturyLink - AAAA Nutanix PC v3";
"1";"3";"2021-10-01";"2021-10-31";"1";"UF";"727";"217";"217.000000000000";"1";"30070341";"NONE";"CPU";"UF";"7284";"10";"0.000072571429";"UNT";"UF";"1";"0.000072571429";"0.001741714296";"0.052251428880";"217.000000000000";"217.000000000000";"1.000000000000";"1.000000000000";"0.015748000093";"0.015748000093";"0.015748000093";"LUMEN";"Test Lab 1";"Test Lab 1 - CPU";"GERENCIA DE TECNOLOGIA DE LA INFORMACION-TEST (HDD)";"HOUR";"30070341";"2";"CenturyLink - AAAA Nutanix PC v3";
"1";"3";"2021-10-01";"2021-10-31";"1";"UF";"729";"217";"2170.000000000000";"1";"30070341";"NONE";"DSK";"UF";"7284";"483";"0.001186000000";"GB";"UF";"3";"0.000001647222";"0.000039533333";"0.001186000000";"2170.000000000000";"3.013888888889";"1.000000000000";"1.000000000000";"0.003574472222";"0.003574472222";"0.003574472222";"LUMEN";"Test Lab 1";"Test Lab 1 - DSK";"GERENCIA DE TECNOLOGIA DE LA INFORMACION-TEST (HDD)";"MONTH";"30070341";"2";"CenturyLink - AAAA Nutanix PC v3";
"1";"3";"2021-10-01";"2021-10-31";"1";"UF";"728";"217";"217.000000000000";"1";"30070341";"NONE";"RAM";"UF";"7284";"9";"0.000076142857";"GB";"UF";"1";"0.000076142857";"0.001827428568";"0.054822857040";"217.000000000000";"217.000000000000";"1.000000000000";"1.000000000000";"0.016522999969";"0.016522999969";"0.016522999969";"LUMEN";"Test Lab 1";"Test Lab 1 - RAM";"GERENCIA DE TECNOLOGIA DE LA INFORMACION-TEST (HDD)";"HOUR";"30070341";"2";"CenturyLink - AAAA Nutanix PC v3";
"1";"3";"2021-10-01";"2021-10-31";"1";"UF";"730";"217";"1736.000000000000";"1";"30070341";"NONE";"CPU";"UF";"7285";"10";"0.000072571429";"UNT";"UF";"1";"0.000072571429";"0.001741714296";"0.052251428880";"1736.000000000000";"1736.000000000000";"1.000000000000";"1.000000000000";"0.125984000744";"0.125984000744";"0.125984000744";"LUMEN";"Windows2016DiskImage_sysprep_v1";"Windows2016DiskImage_sysprep_v1 - CPU";"GERENCIA DE TECNOLOGIA DE LA INFORMACION-TEST (HDD)";"HOUR";"30070341";"2";"CenturyLink - AAAA Nutanix PC v3";
"1";"3";"2021-10-01";"2021-10-31";"1";"UF";"732";"217";"21700.000000000000";"1";"30070341";"NONE";"DSK";"UF";"7285";"483";"0.001186000000";"GB";"UF";"3";"0.000001647222";"0.000039533333";"0.001186000000";"21700.000000000000";"30.138888888889";"1.000000000000";"1.000000000000";"0.035744722222";"0.035744722222";"0.035744722222";"LUMEN";"Windows2016DiskImage_sysprep_v1";"Windows2016DiskImage_sysprep_v1 - DSK";"GERENCIA DE TECNOLOGIA DE LA INFORMACION-TEST (HDD)";"MONTH";"30070341";"2";"CenturyLink - AAAA Nutanix PC v3";
"1";"3";"2021-10-01";"2021-10-31";"1";"UF";"731";"217";"1736.000000000000";"1";"30070341";"NONE";"RAM";"UF";"7285";"9";"0.000076142857";"GB";"UF";"1";"0.000076142857";"0.001827428568";"0.054822857040";"1736.000000000000";"1736.000000000000";"1.000000000000";"1.000000000000";"0.132183999752";"0.132183999752";"0.132183999752";"LUMEN";"Windows2016DiskImage_sysprep_v1";"Windows2016DiskImage_sysprep_v1 - RAM";"GERENCIA DE TECNOLOGIA DE LA INFORMACION-TEST (HDD)";"HOUR";"30070341";"2";"CenturyLink - AAAA Nutanix PC v3";
"1";"3";"2021-10-01";"2021-10-31";"1";"UF";"733";"606";"4848.000000000000";"1";"30070341";"NONE";"CPU";"UF";"7286";"10";"0.000072571429";"UNT";"UF";"1";"0.000072571429";"0.001741714296";"0.052251428880";"4848.000000000000";"4848.000000000000";"1.000000000000";"1.000000000000";"0.351826287792";"0.351826287792";"0.351826287792";"LUMEN";"DC_CITRIX_CA_0";"DC_CITRIX_CA_0 - CPU";"GERENCIA DE TECNOLOGIA DE LA INFORMACION-TEST (HDD)";"HOUR";"30070341";"2";"CenturyLink - AAAA Nutanix PC v3";
"1";"3";"2021-10-01";"2021-10-31";"1";"UF";"735";"606";"60600.000000000000";"1";"30070341";"NONE";"DSK";"UF";"7286";"483";"0.001186000000";"GB";"UF";"3";"0.000001647222";"0.000039533333";"0.001186000000";"60600.000000000000";"84.166666666667";"1.000000000000";"1.000000000000";"0.099821666667";"0.099821666667";"0.099821666667";"LUMEN";"DC_CITRIX_CA_0";"DC_CITRIX_CA_0 - DSK";"GERENCIA DE TECNOLOGIA DE LA INFORMACION-TEST (HDD)";"MONTH";"30070341";"2";"CenturyLink - AAAA Nutanix PC v3";
"1";"3";"2021-10-01";"2021-10-31";"1";"UF";"734";"606";"4848.000000000000";"1";"30070341";"NONE";"RAM";"UF";"7286";"9";"0.000076142857";"GB";"UF";"1";"0.000076142857";"0.001827428568";"0.054822857040";"4848.000000000000";"4848.000000000000";"1.000000000000";"1.000000000000";"0.369140570736";"0.369140570736";"0.369140570736";"LUMEN";"DC_CITRIX_CA_0";"DC_CITRIX_CA_0 - RAM";"GERENCIA DE TECNOLOGIA DE LA INFORMACION-TEST (HDD)";"HOUR";"30070341";"2";"CenturyLink - AAAA Nutanix PC v3";
"1";"3";"2021-10-01";"2021-10-31";"1";"UF";"736";"606";"4848.000000000000";"1";"30070341";"NONE";"CPU";"UF";"7287";"10";"0.000072571429";"UNT";"UF";"1";"0.000072571429";"0.001741714296";"0.052251428880";"4848.000000000000";"4848.000000000000";"1.000000000000";"1.000000000000";"0.351826287792";"0.351826287792";"0.351826287792";"LUMEN";"DC_CITRIX_FAS_0";"DC_CITRIX_FAS_0 - CPU";"GERENCIA DE TECNOLOGIA DE LA INFORMACION-TEST (HDD)";"HOUR";"30070341";"2";"CenturyLink - AAAA Nutanix PC v3";
"1";"3";"2021-10-01";"2021-10-31";"1";"UF";"738";"606";"60600.000000000000";"1";"30070341";"NONE";"DSK";"UF";"7287";"483";"0.001186000000";"GB";"UF";"3";"0.000001647222";"0.000039533333";"0.001186000000";"60600.000000000000";"84.166666666667";"1.000000000000";"1.000000000000";"0.099821666667";"0.099821666667";"0.099821666667";"LUMEN";"DC_CITRIX_FAS_0";"DC_CITRIX_FAS_0 - DSK";"GERENCIA DE TECNOLOGIA DE LA INFORMACION-TEST (HDD)";"MONTH";"30070341";"2";"CenturyLink - AAAA Nutanix PC v3";
"1";"3";"2021-10-01";"2021-10-31";"1";"UF";"737";"606";"4848.000000000000";"1";"30070341";"NONE";"RAM";"UF";"7287";"9";"0.000076142857";"GB";"UF";"1";"0.000076142857";"0.001827428568";"0.054822857040";"4848.000000000000";"4848.000000000000";"1.000000000000";"1.000000000000";"0.369140570736";"0.369140570736";"0.369140570736";"LUMEN";"DC_CITRIX_FAS_0";"DC_CITRIX_FAS_0 - RAM";"GERENCIA DE TECNOLOGIA DE LA INFORMACION-TEST (HDD)";"HOUR";"30070341";"2";"CenturyLink - AAAA Nutanix PC v3";
"1";"3";"2021-10-01";"2021-10-31";"1";"UF";"739";"606";"4848.000000000000";"1";"30070341";"NONE";"CPU";"UF";"7288";"10";"0.000072571429";"UNT";"UF";"1";"0.000072571429";"0.001741714296";"0.052251428880";"4848.000000000000";"4848.000000000000";"1.000000000000";"1.000000000000";"0.351826287792";"0.351826287792";"0.351826287792";"LUMEN";"DC_CITRIX_CC_0";"DC_CITRIX_CC_0 - CPU";"GERENCIA DE TECNOLOGIA DE LA INFORMACION-TEST (HDD)";"HOUR";"30070341";"2";"CenturyLink - AAAA Nutanix PC v3";
"1";"3";"2021-10-01";"2021-10-31";"1";"UF";"741";"606";"60600.000000000000";"1";"30070341";"NONE";"DSK";"UF";"7288";"483";"0.001186000000";"GB";"UF";"3";"0.000001647222";"0.000039533333";"0.001186000000";"60600.000000000000";"84.166666666667";"1.000000000000";"1.000000000000";"0.099821666667";"0.099821666667";"0.099821666667";"LUMEN";"DC_CITRIX_CC_0";"DC_CITRIX_CC_0 - DSK";"GERENCIA DE TECNOLOGIA DE LA INFORMACION-TEST (HDD)";"MONTH";"30070341";"2";"CenturyLink - AAAA Nutanix PC v3";
"1";"3";"2021-10-01";"2021-10-31";"1";"UF";"740";"606";"4848.000000000000";"1";"30070341";"NONE";"RAM";"UF";"7288";"9";"0.000076142857";"GB";"UF";"1";"0.000076142857";"0.001827428568";"0.054822857040";"4848.000000000000";"4848.000000000000";"1.000000000000";"1.000000000000";"0.369140570736";"0.369140570736";"0.369140570736";"LUMEN";"DC_CITRIX_CC_0";"DC_CITRIX_CC_0 - RAM";"GERENCIA DE TECNOLOGIA DE LA INFORMACION-TEST (HDD)";"HOUR";"30070341";"2";"CenturyLink - AAAA Nutanix PC v3";
"1";"3";"2021-10-01";"2021-10-31";"1";"UF";"742";"606";"4848.000000000000";"1";"30070341";"NONE";"CPU";"UF";"7289";"10";"0.000072571429";"UNT";"UF";"1";"0.000072571429";"0.001741714296";"0.052251428880";"4848.000000000000";"4848.000000000000";"1.000000000000";"1.000000000000";"0.351826287792";"0.351826287792";"0.351826287792";"LUMEN";"DC_CITRIX_W10_0";"DC_CITRIX_W10_0 - CPU";"GERENCIA DE TECNOLOGIA DE LA INFORMACION-TEST (HDD)";"HOUR";"30070341";"2";"CenturyLink - AAAA Nutanix PC v3";
"1";"3";"2021-10-01";"2021-10-31";"1";"UF";"744";"606";"30300.000000000000";"1";"30070341";"NONE";"DSK";"UF";"7289";"483";"0.001186000000";"GB";"UF";"3";"0.000001647222";"0.000039533333";"0.001186000000";"30300.000000000000";"42.083333333333";"1.000000000000";"1.000000000000";"0.049910833333";"0.049910833333";"0.049910833333";"LUMEN";"DC_CITRIX_W10_0";"DC_CITRIX_W10_0 - DSK";"GERENCIA DE TECNOLOGIA DE LA INFORMACION-TEST (HDD)";"MONTH";"30070341";"2";"CenturyLink - AAAA Nutanix PC v3";
"1";"3";"2021-10-01";"2021-10-31";"1";"UF";"743";"606";"4848.000000000000";"1";"30070341";"NONE";"RAM";"UF";"7289";"9";"0.000076142857";"GB";"UF";"1";"0.000076142857";"0.001827428568";"0.054822857040";"4848.000000000000";"4848.000000000000";"1.000000000000";"1.000000000000";"0.369140570736";"0.369140570736";"0.369140570736";"LUMEN";"DC_CITRIX_W10_0";"DC_CITRIX_W10_0 - RAM";"GERENCIA DE TECNOLOGIA DE LA INFORMACION-TEST (HDD)";"HOUR";"30070341";"2";"CenturyLink - AAAA Nutanix PC v3";
"1";"3";"2021-10-01";"2021-10-31";"1";"UF";"745";"606";"1212.000000000000";"1";"30070341";"NONE";"CPU";"UF";"7290";"10";"0.000072571429";"UNT";"UF";"1";"0.000072571429";"0.001741714296";"0.052251428880";"1212.000000000000";"1212.000000000000";"1.000000000000";"1.000000000000";"0.087956571948";"0.087956571948";"0.087956571948";"LUMEN";"DC_CITRIX_ADC_0";"DC_CITRIX_ADC_0 - CPU";"GERENCIA DE TECNOLOGIA DE LA INFORMACION-TEST (HDD)";"HOUR";"30070341";"2";"CenturyLink - AAAA Nutanix PC v3";
"1";"3";"2021-10-01";"2021-10-31";"1";"UF";"747";"606";"12120.000000000000";"1";"30070341";"NONE";"DSK";"UF";"7290";"483";"0.001186000000";"GB";"UF";"3";"0.000001647222";"0.000039533333";"0.001186000000";"12120.000000000000";"16.833333333333";"1.000000000000";"1.000000000000";"0.019964333333";"0.019964333333";"0.019964333333";"LUMEN";"DC_CITRIX_ADC_0";"DC_CITRIX_ADC_0 - DSK";"GERENCIA DE TECNOLOGIA DE LA INFORMACION-TEST (HDD)";"MONTH";"30070341";"2";"CenturyLink - AAAA Nutanix PC v3";
"1";"3";"2021-10-01";"2021-10-31";"1";"UF";"746";"606";"1212.000000000000";"1";"30070341";"NONE";"RAM";"UF";"7290";"9";"0.000076142857";"GB";"UF";"1";"0.000076142857";"0.001827428568";"0.054822857040";"1212.000000000000";"1212.000000000000";"1.000000000000";"1.000000000000";"0.092285142684";"0.092285142684";"0.092285142684";"LUMEN";"DC_CITRIX_ADC_0";"DC_CITRIX_ADC_0 - RAM";"GERENCIA DE TECNOLOGIA DE LA INFORMACION-TEST (HDD)";"HOUR";"30070341";"2";"CenturyLink - AAAA Nutanix PC v3";
"1";"3";"2021-10-01";"2021-10-31";"1";"UF";"748";"606";"4848.000000000000";"1";"30070341";"NONE";"CPU";"UF";"7291";"10";"0.000072571429";"UNT";"UF";"1";"0.000072571429";"0.001741714296";"0.052251428880";"4848.000000000000";"4848.000000000000";"1.000000000000";"1.000000000000";"0.351826287792";"0.351826287792";"0.351826287792";"LUMEN";"DC_CITRIX_PVS_0";"DC_CITRIX_PVS_0 - CPU";"GERENCIA DE TECNOLOGIA DE LA INFORMACION-TEST (HDD)";"HOUR";"30070341";"2";"CenturyLink - AAAA Nutanix PC v3";
"1";"3";"2021-10-01";"2021-10-31";"1";"UF";"750";"606";"60600.000000000000";"1";"30070341";"NONE";"DSK";"UF";"7291";"483";"0.001186000000";"GB";"UF";"3";"0.000001647222";"0.000039533333";"0.001186000000";"60600.000000000000";"84.166666666667";"1.000000000000";"1.000000000000";"0.099821666667";"0.099821666667";"0.099821666667";"LUMEN";"DC_CITRIX_PVS_0";"DC_CITRIX_PVS_0 - DSK";"GERENCIA DE TECNOLOGIA DE LA INFORMACION-TEST (HDD)";"MONTH";"30070341";"2";"CenturyLink - AAAA Nutanix PC v3";
"1";"3";"2021-10-01";"2021-10-31";"1";"UF";"749";"606";"4848.000000000000";"1";"30070341";"NONE";"RAM";"UF";"7291";"9";"0.000076142857";"GB";"UF";"1";"0.000076142857";"0.001827428568";"0.054822857040";"4848.000000000000";"4848.000000000000";"1.000000000000";"1.000000000000";"0.369140570736";"0.369140570736";"0.369140570736";"LUMEN";"DC_CITRIX_PVS_0";"DC_CITRIX_PVS_0 - RAM";"GERENCIA DE TECNOLOGIA DE LA INFORMACION-TEST (HDD)";"HOUR";"30070341";"2";"CenturyLink - AAAA Nutanix PC v3";
"1";"3";"2021-10-01";"2021-10-31";"1";"UF";"751";"217";"434.000000000000";"1";"30070341";"NONE";"CPU";"UF";"7292";"10";"0.000072571429";"UNT";"UF";"1";"0.000072571429";"0.001741714296";"0.052251428880";"434.000000000000";"434.000000000000";"1.000000000000";"1.000000000000";"0.031496000186";"0.031496000186";"0.031496000186";"LUMEN";"demowin1001";"demowin1001 - CPU";"GERENCIA DE TECNOLOGIA DE LA INFORMACION-TEST (HDD)";"HOUR";"30070341";"2";"CenturyLink - AAAA Nutanix PC v3";
"1";"3";"2021-10-01";"2021-10-31";"1";"UF";"753";"217";"3.390625000000";"1";"30070341";"NONE";"DSK";"UF";"7292";"483";"0.001186000000";"GB";"UF";"3";"0.000001647222";"0.000039533333";"0.001186000000";"3.390625000000";"0.004709201389";"1.000000000000";"1.000000000000";"0.000005585113";"0.000005585113";"0.000005585113";"LUMEN";"demowin1001";"demowin1001 - DSK";"GERENCIA DE TECNOLOGIA DE LA INFORMACION-TEST (HDD)";"MONTH";"30070341";"2";"CenturyLink - AAAA Nutanix PC v3";
"1";"3";"2021-10-01";"2021-10-31";"1";"UF";"754";"217";"10850.000000000000";"1";"30070341";"NONE";"DSK";"UF";"7292";"483";"0.001186000000";"GB";"UF";"3";"0.000001647222";"0.000039533333";"0.001186000000";"10850.000000000000";"15.069444444444";"1.000000000000";"1.000000000000";"0.017872361111";"0.017872361111";"0.017872361111";"LUMEN";"demowin1001";"demowin1001 - DSK";"GERENCIA DE TECNOLOGIA DE LA INFORMACION-TEST (HDD)";"MONTH";"30070341";"2";"CenturyLink - AAAA Nutanix PC v3";
"1";"3";"2021-10-01";"2021-10-31";"1";"UF";"752";"217";"1715.656250000000";"1";"30070341";"NONE";"RAM";"UF";"7292";"9";"0.000076142857";"GB";"UF";"1";"0.000076142857";"0.001827428568";"0.054822857040";"1715.656250000000";"1715.656250000000";"1.000000000000";"1.000000000000";"0.130634968505";"0.130634968505";"0.130634968505";"LUMEN";"demowin1001";"demowin1001 - RAM";"GERENCIA DE TECNOLOGIA DE LA INFORMACION-TEST (HDD)";"HOUR";"30070341";"2";"CenturyLink - AAAA Nutanix PC v3";
"1";"3";"2021-10-01";"2021-10-31";"1";"UF";"755";"217";"434.000000000000";"1";"30070341";"NONE";"CPU";"UF";"7293";"10";"0.000072571429";"UNT";"UF";"1";"0.000072571429";"0.001741714296";"0.052251428880";"434.000000000000";"434.000000000000";"1.000000000000";"1.000000000000";"0.031496000186";"0.031496000186";"0.031496000186";"LUMEN";"demowin1002";"demowin1002 - CPU";"GERENCIA DE TECNOLOGIA DE LA INFORMACION-TEST (HDD)";"HOUR";"30070341";"2";"CenturyLink - AAAA Nutanix PC v3";
"1";"3";"2021-10-01";"2021-10-31";"1";"UF";"757";"217";"3.390625000000";"1";"30070341";"NONE";"DSK";"UF";"7293";"483";"0.001186000000";"GB";"UF";"3";"0.000001647222";"0.000039533333";"0.001186000000";"3.390625000000";"0.004709201389";"1.000000000000";"1.000000000000";"0.000005585113";"0.000005585113";"0.000005585113";"LUMEN";"demowin1002";"demowin1002 - DSK";"GERENCIA DE TECNOLOGIA DE LA INFORMACION-TEST (HDD)";"MONTH";"30070341";"2";"CenturyLink - AAAA Nutanix PC v3";
"1";"3";"2021-10-01";"2021-10-31";"1";"UF";"758";"217";"10850.000000000000";"1";"30070341";"NONE";"DSK";"UF";"7293";"483";"0.001186000000";"GB";"UF";"3";"0.000001647222";"0.000039533333";"0.001186000000";"10850.000000000000";"15.069444444444";"1.000000000000";"1.000000000000";"0.017872361111";"0.017872361111";"0.017872361111";"LUMEN";"demowin1002";"demowin1002 - DSK";"GERENCIA DE TECNOLOGIA DE LA INFORMACION-TEST (HDD)";"MONTH";"30070341";"2";"CenturyLink - AAAA Nutanix PC v3";
"1";"3";"2021-10-01";"2021-10-31";"1";"UF";"756";"217";"1715.656250000000";"1";"30070341";"NONE";"RAM";"UF";"7293";"9";"0.000076142857";"GB";"UF";"1";"0.000076142857";"0.001827428568";"0.054822857040";"1715.656250000000";"1715.656250000000";"1.000000000000";"1.000000000000";"0.130634968505";"0.130634968505";"0.130634968505";"LUMEN";"demowin1002";"demowin1002 - RAM";"GERENCIA DE TECNOLOGIA DE LA INFORMACION-TEST (HDD)";"HOUR";"30070341";"2";"CenturyLink - AAAA Nutanix PC v3";
"1";"3";"2021-10-01";"2021-10-31";"1";"UF";"759";"606";"2424.000000000000";"1";"30070341";"NONE";"CPU";"UF";"7294";"10";"0.000072571429";"UNT";"UF";"1";"0.000072571429";"0.001741714296";"0.052251428880";"2424.000000000000";"2424.000000000000";"1.000000000000";"1.000000000000";"0.175913143896";"0.175913143896";"0.175913143896";"LUMEN";"cloud_windows";"cloud_windows - CPU";"GERENCIA DE TECNOLOGIA DE LA INFORMACION-TEST (HDD)";"HOUR";"30070341";"2";"CenturyLink - AAAA Nutanix PC v3";
"1";"3";"2021-10-01";"2021-10-31";"1";"UF";"761";"606";"60600.000000000000";"1";"30070341";"NONE";"DSK";"UF";"7294";"483";"0.001186000000";"GB";"UF";"3";"0.000001647222";"0.000039533333";"0.001186000000";"60600.000000000000";"84.166666666667";"1.000000000000";"1.000000000000";"0.099821666667";"0.099821666667";"0.099821666667";"LUMEN";"cloud_windows";"cloud_windows - DSK";"GERENCIA DE TECNOLOGIA DE LA INFORMACION-TEST (HDD)";"MONTH";"30070341";"2";"CenturyLink - AAAA Nutanix PC v3";
"1";"3";"2021-10-01";"2021-10-31";"1";"UF";"760";"606";"2424.000000000000";"1";"30070341";"NONE";"RAM";"UF";"7294";"9";"0.000076142857";"GB";"UF";"1";"0.000076142857";"0.001827428568";"0.054822857040";"2424.000000000000";"2424.000000000000";"1.000000000000";"1.000000000000";"0.184570285368";"0.184570285368";"0.184570285368";"LUMEN";"cloud_windows";"cloud_windows - RAM";"GERENCIA DE TECNOLOGIA DE LA INFORMACION-TEST (HDD)";"HOUR";"30070341";"2";"CenturyLink - AAAA Nutanix PC v3";
"1";"3";"2021-10-01";"2021-10-31";"1";"UF";"782";"606";"3934.992656707740";"1";"30070341";"NONE";"IMG";"UF";"7300";"1501";"0E-12";"GB";"UF";"3";"0E-12";"0E-12";"0E-12";"3934.992656707740";"5.465267578761";"1.000000000000";"1.000000000000";"0E-12";"0E-12";"0E-12";"LUMEN";"Windows_Server_2016_Datacenter_EVAL_en-us_14393_refresh.ISO";"Windows_Server_2016_Datacenter_EVAL_en-us_14393_refresh.ISO - IMG";"GERENCIA DE TECNOLOGIA DE LA INFORMACION-TEST (HDD)";"MONTH";"30070341";"2";"CenturyLink - AAAA Nutanix PC v3";
"1";"3";"2021-10-01";"2021-10-31";"1";"UF";"783";"606";"2354.759765625000";"1";"30070341";"NONE";"IMG";"UF";"7301";"1501";"0E-12";"GB";"UF";"3";"0E-12";"0E-12";"0E-12";"2354.759765625000";"3.270499674479";"1.000000000000";"1.000000000000";"0E-12";"0E-12";"0E-12";"LUMEN";"OL7_ISO";"OL7_ISO - IMG";"GERENCIA DE TECNOLOGIA DE LA INFORMACION-TEST (HDD)";"MONTH";"30070341";"2";"CenturyLink - AAAA Nutanix PC v3";
"1";"3";"2021-10-01";"2021-10-31";"1";"UF";"784";"606";"30300.000000000000";"1";"30070341";"NONE";"IMG";"UF";"7302";"1501";"0E-12";"GB";"UF";"3";"0E-12";"0E-12";"0E-12";"30300.000000000000";"42.083333333333";"1.000000000000";"1.000000000000";"0E-12";"0E-12";"0E-12";"LUMEN";"Veeam_vmdk";"Veeam_vmdk - IMG";"GERENCIA DE TECNOLOGIA DE LA INFORMACION-TEST (HDD)";"MONTH";"30070341";"2";"CenturyLink - AAAA Nutanix PC v3";
"1";"3";"2021-10-01";"2021-10-31";"1";"UF";"785";"606";"60600.000000000000";"1";"30070341";"NONE";"IMG";"UF";"7303";"1501";"0E-12";"GB";"UF";"3";"0E-12";"0E-12";"0E-12";"60600.000000000000";"84.166666666667";"1.000000000000";"1.000000000000";"0E-12";"0E-12";"0E-12";"LUMEN";"Windows2016DiskImage_syspre_v1";"Windows2016DiskImage_syspre_v1 - IMG";"GERENCIA DE TECNOLOGIA DE LA INFORMACION-TEST (HDD)";"MONTH";"30070341";"2";"CenturyLink - AAAA Nutanix PC v3";
"1";"3";"2021-10-01";"2021-10-31";"1";"UF";"786";"606";"8876.953125000000";"1";"30070341";"NONE";"IMG";"UF";"7304";"1501";"0E-12";"GB";"UF";"3";"0E-12";"0E-12";"0E-12";"8876.953125000000";"12.329101562500";"1.000000000000";"1.000000000000";"0E-12";"0E-12";"0E-12";"LUMEN";"msp_goldimage_default";"msp_goldimage_default - IMG";"GERENCIA DE TECNOLOGIA DE LA INFORMACION-TEST (HDD)";"MONTH";"30070341";"2";"CenturyLink - AAAA Nutanix PC v3";
"1";"3";"2021-10-01";"2021-10-31";"1";"UF";"1101";"606";"8876.953125000000";"1";"30070341";"NONE";"IMG";"UF";"7304";"1501";"0E-12";"GB";"UF";"3";"0E-12";"0E-12";"0E-12";"8876.953125000000";"12.329101562500";"1.000000000000";"1.000000000000";"0E-12";"0E-12";"0E-12";"LUMEN";"msp_goldimage_default";"msp_goldimage_default - IMG";"GERENCIA DE TECNOLOGIA DE LA INFORMACION-TEST (HDD)";"MONTH";"30070341";"2";"CenturyLink - AAAA Nutanix PC v3";
"1";"3";"2021-10-01";"2021-10-31";"1";"UF";"787";"606";"12120.000000000000";"1";"30070341";"NONE";"IMG";"UF";"7305";"1501";"0E-12";"GB";"UF";"3";"0E-12";"0E-12";"0E-12";"12120.000000000000";"16.833333333333";"1.000000000000";"1.000000000000";"0E-12";"0E-12";"0E-12";"LUMEN";"NSVPX-KVM-13.0-52.24_nc_64";"NSVPX-KVM-13.0-52.24_nc_64 - IMG";"GERENCIA DE TECNOLOGIA DE LA INFORMACION-TEST (HDD)";"MONTH";"30070341";"2";"CenturyLink - AAAA Nutanix PC v3";
"1";"3";"2021-10-01";"2021-10-31";"1";"UF";"788";"606";"2258.888671875000";"1";"30070341";"NONE";"IMG";"UF";"7306";"1501";"0E-12";"GB";"UF";"3";"0E-12";"0E-12";"0E-12";"2258.888671875000";"3.137345377604";"1.000000000000";"1.000000000000";"0E-12";"0E-12";"0E-12";"LUMEN";"OLE68";"OLE68 - IMG";"GERENCIA DE TECNOLOGIA DE LA INFORMACION-TEST (HDD)";"MONTH";"30070341";"2";"CenturyLink - AAAA Nutanix PC v3";
"1";"3";"2021-10-01";"2021-10-31";"1";"UF";"789";"606";"4848.000000000000";"1";"30070341";"NONE";"IMG";"UF";"7307";"1501";"0E-12";"GB";"UF";"3";"0E-12";"0E-12";"0E-12";"4848.000000000000";"6.733333333333";"1.000000000000";"1.000000000000";"0E-12";"0E-12";"0E-12";"LUMEN";"CentOS-7-x86_64-GenericCloud-1905.qcow2";"CentOS-7-x86_64-GenericCloud-1905.qcow2 - IMG";"GERENCIA DE TECNOLOGIA DE LA INFORMACION-TEST (HDD)";"MONTH";"30070341";"2";"CenturyLink - AAAA Nutanix PC v3";
"1";"3";"2021-10-01";"2021-10-31";"1";"UF";"790";"606";"8876.953125000000";"1";"30070341";"NONE";"IMG";"UF";"7308";"1501";"0E-12";"GB";"UF";"3";"0E-12";"0E-12";"0E-12";"8876.953125000000";"12.329101562500";"1.000000000000";"1.000000000000";"0E-12";"0E-12";"0E-12";"LUMEN";"karbon-centos7.5.1804-ntnx-0.1";"karbon-centos7.5.1804-ntnx-0.1 - IMG";"GERENCIA DE TECNOLOGIA DE LA INFORMACION-TEST (HDD)";"MONTH";"30070341";"2";"CenturyLink - AAAA Nutanix PC v3";
"1";"3";"2021-10-01";"2021-10-31";"1";"UF";"1114";"606";"8876.953125000000";"1";"30070341";"NONE";"IMG";"UF";"7308";"1501";"0E-12";"GB";"UF";"3";"0E-12";"0E-12";"0E-12";"8876.953125000000";"12.329101562500";"1.000000000000";"1.000000000000";"0E-12";"0E-12";"0E-12";"LUMEN";"karbon-centos7.5.1804-ntnx-0.1";"karbon-centos7.5.1804-ntnx-0.1 - IMG";"GERENCIA DE TECNOLOGIA DE LA INFORMACION-TEST (HDD)";"MONTH";"30070341";"2";"CenturyLink - AAAA Nutanix PC v3";
"1";"3";"2021-10-01";"2021-10-31";"1";"UF";"791";"606";"2978.104499816904";"1";"30070341";"NONE";"IMG";"UF";"7309";"1501";"0E-12";"GB";"UF";"3";"0E-12";"0E-12";"0E-12";"2978.104499816904";"4.136256249746";"1.000000000000";"1.000000000000";"0E-12";"0E-12";"0E-12";"LUMEN";"Win_Pro_10";"Win_Pro_10 - IMG";"GERENCIA DE TECNOLOGIA DE LA INFORMACION-TEST (HDD)";"MONTH";"30070341";"2";"CenturyLink - AAAA Nutanix PC v3";
"1";"3";"2021-10-01";"2021-10-31";"1";"UF";"792";"606";"8876.953125000000";"1";"30070341";"NONE";"IMG";"UF";"7310";"1501";"0E-12";"GB";"UF";"3";"0E-12";"0E-12";"0E-12";"8876.953125000000";"12.329101562500";"1.000000000000";"1.000000000000";"0E-12";"0E-12";"0E-12";"LUMEN";"karbon-ntnx-0.5";"karbon-ntnx-0.5 - IMG";"GERENCIA DE TECNOLOGIA DE LA INFORMACION-TEST (HDD)";"MONTH";"30070341";"2";"CenturyLink - AAAA Nutanix PC v3";
"1";"3";"2021-10-01";"2021-10-31";"1";"UF";"793";"606";"33.337120056408";"1";"30070341";"NONE";"IMG";"UF";"7311";"1501";"0E-12";"GB";"UF";"3";"0E-12";"0E-12";"0E-12";"33.337120056408";"0.046301555634";"1.000000000000";"1.000000000000";"0E-12";"0E-12";"0E-12";"LUMEN";"Nutanix-VirtIO-1.1.5.iso";"Nutanix-VirtIO-1.1.5.iso - IMG";"GERENCIA DE TECNOLOGIA DE LA INFORMACION-TEST (HDD)";"MONTH";"30070341";"2";"CenturyLink - AAAA Nutanix PC v3";
"1";"3";"2021-10-01";"2021-10-31";"1";"UF";"794";"606";"4848.000000000000";"1";"30070341";"NONE";"IMG";"UF";"7312";"1501";"0E-12";"GB";"UF";"3";"0E-12";"0E-12";"0E-12";"4848.000000000000";"6.733333333333";"1.000000000000";"1.000000000000";"0E-12";"0E-12";"0E-12";"LUMEN";"bulter-scsi.0";"bulter-scsi.0 - IMG";"GERENCIA DE TECNOLOGIA DE LA INFORMACION-TEST (HDD)";"MONTH";"30070341";"2";"CenturyLink - AAAA Nutanix PC v3";
"1";"3";"2021-10-01";"2021-10-31";"1";"UF";"795";"606";"6060.000000000000";"1";"30070341";"NONE";"IMG";"UF";"7313";"1501";"0E-12";"GB";"UF";"3";"0E-12";"0E-12";"0E-12";"6060.000000000000";"8.416666666667";"1.000000000000";"1.000000000000";"0E-12";"0E-12";"0E-12";"LUMEN";"nutanix_move";"nutanix_move - IMG";"GERENCIA DE TECNOLOGIA DE LA INFORMACION-TEST (HDD)";"MONTH";"30070341";"2";"CenturyLink - AAAA Nutanix PC v3";
"1";"3";"2021-10-01";"2021-10-31";"1";"UF";"796";"606";"60600.000000000000";"1";"30070341";"NONE";"IMG";"UF";"7314";"1501";"0E-12";"GB";"UF";"3";"0E-12";"0E-12";"0E-12";"60600.000000000000";"84.166666666667";"1.000000000000";"1.000000000000";"0E-12";"0E-12";"0E-12";"LUMEN";"Windows2016DiskImage";"Windows2016DiskImage - IMG";"GERENCIA DE TECNOLOGIA DE LA INFORMACION-TEST (HDD)";"MONTH";"30070341";"2";"CenturyLink - AAAA Nutanix PC v3";
"1";"3";"2021-10-01";"2021-10-31";"1";"UF";"797";"606";"478.763671875000";"1";"30070341";"NONE";"IMG";"UF";"7315";"1501";"0E-12";"GB";"UF";"3";"0E-12";"0E-12";"0E-12";"478.763671875000";"0.664949544271";"1.000000000000";"1.000000000000";"0E-12";"0E-12";"0E-12";"LUMEN";"CISCOUCS-TEST";"CISCOUCS-TEST - IMG";"GERENCIA DE TECNOLOGIA DE LA INFORMACION-TEST (HDD)";"MONTH";"30070341";"2";"CenturyLink - AAAA Nutanix PC v3";
"1";"3";"2021-10-01";"2021-10-31";"1";"UF";"798";"606";"8876.953125000000";"1";"30070341";"NONE";"IMG";"UF";"7316";"1501";"0E-12";"GB";"UF";"3";"0E-12";"0E-12";"0E-12";"8876.953125000000";"12.329101562500";"1.000000000000";"1.000000000000";"0E-12";"0E-12";"0E-12";"LUMEN";"karbon-ntnx-0.5";"karbon-ntnx-0.5 - IMG";"GERENCIA DE TECNOLOGIA DE LA INFORMACION-TEST (HDD)";"MONTH";"30070341";"2";"CenturyLink - AAAA Nutanix PC v3";
"1";"3";"2021-10-01";"2021-10-31";"1";"UF";"799";"606";"6060.000000000000";"1";"30070341";"NONE";"IMG";"UF";"7317";"1501";"0E-12";"GB";"UF";"3";"0E-12";"0E-12";"0E-12";"6060.000000000000";"8.416666666667";"1.000000000000";"1.000000000000";"0E-12";"0E-12";"0E-12";"LUMEN";"HYCU_4_0_1";"HYCU_4_0_1 - IMG";"GERENCIA DE TECNOLOGIA DE LA INFORMACION-TEST (HDD)";"MONTH";"30070341";"2";"CenturyLink - AAAA Nutanix PC v3";
"1";"3";"2021-10-01";"2021-10-31";"1";"UF";"800";"606";"4263.896484375000";"1";"30070341";"NONE";"IMG";"UF";"7318";"1501";"0E-12";"GB";"UF";"3";"0E-12";"0E-12";"0E-12";"4263.896484375000";"5.922078450521";"1.000000000000";"1.000000000000";"0E-12";"0E-12";"0E-12";"LUMEN";"CentOS-8.1.1911-x86.iso";"CentOS-8.1.1911-x86.iso - IMG";"GERENCIA DE TECNOLOGIA DE LA INFORMACION-TEST (HDD)";"MONTH";"30070341";"2";"CenturyLink - AAAA Nutanix PC v3";
"1";"3";"2021-10-01";"2021-10-31";"1";"UF";"801";"606";"12120.000000000000";"1";"30070341";"NONE";"IMG";"UF";"7319";"1501";"0E-12";"GB";"UF";"3";"0E-12";"0E-12";"0E-12";"12120.000000000000";"16.833333333333";"1.000000000000";"1.000000000000";"0E-12";"0E-12";"0E-12";"LUMEN";"CITRIX_ADC_13.0-67.43";"CITRIX_ADC_13.0-67.43 - IMG";"GERENCIA DE TECNOLOGIA DE LA INFORMACION-TEST (HDD)";"MONTH";"30070341";"2";"CenturyLink - AAAA Nutanix PC v3";
"1";"3";"2021-10-01";"2021-10-31";"1";"UF";"802";"606";"18180.000000000000";"1";"30070341";"NONE";"IMG";"UF";"7320";"1501";"0E-12";"GB";"UF";"3";"0E-12";"0E-12";"0E-12";"18180.000000000000";"25.250000000000";"1.000000000000";"1.000000000000";"0E-12";"0E-12";"0E-12";"LUMEN";"Foundation-VM";"Foundation-VM - IMG";"GERENCIA DE TECNOLOGIA DE LA INFORMACION-TEST (HDD)";"MONTH";"30070341";"2";"CenturyLink - AAAA Nutanix PC v3";
"1";"3";"2021-10-01";"2021-10-31";"1";"UF";"803";"606";"2141.121093750000";"1";"30070341";"NONE";"IMG";"UF";"7321";"1501";"0E-12";"GB";"UF";"3";"0E-12";"0E-12";"0E-12";"2141.121093750000";"2.973779296875";"1.000000000000";"1.000000000000";"0E-12";"0E-12";"0E-12";"LUMEN";"rhel-server-7.3-x86_64-dvd.iso";"rhel-server-7.3-x86_64-dvd.iso - IMG";"GERENCIA DE TECNOLOGIA DE LA INFORMACION-TEST (HDD)";"MONTH";"30070341";"2";"CenturyLink - AAAA Nutanix PC v3";
"1";"3";"2021-10-01";"2021-10-31";"1";"UF";"804";"606";"9090.000000000000";"1";"30070341";"NONE";"IMG";"UF";"7322";"1501";"0E-12";"GB";"UF";"3";"0E-12";"0E-12";"0E-12";"9090.000000000000";"12.625000000000";"1.000000000000";"1.000000000000";"0E-12";"0E-12";"0E-12";"LUMEN";"CentOS.vmdk";"CentOS.vmdk - IMG";"GERENCIA DE TECNOLOGIA DE LA INFORMACION-TEST (HDD)";"MONTH";"30070341";"2";"CenturyLink - AAAA Nutanix PC v3";
"1";"3";"2021-10-01";"2021-10-31";"1";"UF";"805";"606";"8876.953125000000";"1";"30070341";"NONE";"IMG";"UF";"7323";"1501";"0E-12";"GB";"UF";"3";"0E-12";"0E-12";"0E-12";"8876.953125000000";"12.329101562500";"1.000000000000";"1.000000000000";"0E-12";"0E-12";"0E-12";"LUMEN";"karbon-centos7.5.1804-ntnx-0.0";"karbon-centos7.5.1804-ntnx-0.0 - IMG";"GERENCIA DE TECNOLOGIA DE LA INFORMACION-TEST (HDD)";"MONTH";"30070341";"2";"CenturyLink - AAAA Nutanix PC v3";
"1";"3";"2021-10-01";"2021-10-31";"1";"UF";"1142";"606";"8876.953125000000";"1";"30070341";"NONE";"IMG";"UF";"7323";"1501";"0E-12";"GB";"UF";"3";"0E-12";"0E-12";"0E-12";"8876.953125000000";"12.329101562500";"1.000000000000";"1.000000000000";"0E-12";"0E-12";"0E-12";"LUMEN";"karbon-centos7.5.1804-ntnx-0.0";"karbon-centos7.5.1804-ntnx-0.0 - IMG";"GERENCIA DE TECNOLOGIA DE LA INFORMACION-TEST (HDD)";"MONTH";"30070341";"2";"CenturyLink - AAAA Nutanix PC v3";
"1";"3";"2021-10-01";"2021-10-31";"1";"UF";"806";"606";"8876.953125000000";"1";"30070341";"NONE";"IMG";"UF";"7324";"1501";"0E-12";"GB";"UF";"3";"0E-12";"0E-12";"0E-12";"8876.953125000000";"12.329101562500";"1.000000000000";"1.000000000000";"0E-12";"0E-12";"0E-12";"LUMEN";"karbon-ntnx-0.7";"karbon-ntnx-0.7 - IMG";"GERENCIA DE TECNOLOGIA DE LA INFORMACION-TEST (HDD)";"MONTH";"30070341";"2";"CenturyLink - AAAA Nutanix PC v3";
"1";"3";"2021-10-01";"2021-10-31";"1";"UF";"1144";"607";"0E-12";"1";"30070341";"NONE";"DRP";"UF";"172356";"1227";"0.001186000000";"GB";"UF";"3";"0.000001647222";"0.000039533333";"0.001186000000";"0E-12";"0E-12";"1.000000000000";"1.000000000000";"0E-12";"0E-12";"0E-12";"LUMEN";"MV0628020";"MV0628020 - DRP";"GERENCIA DE TECNOLOGIA DE LA INFORMACION-TEST (HDD)";"MONTH";"30070341";"2";"CenturyLink - AAAA Nutanix PC v3";
"1";"3";"2021-10-01";"2021-10-31";"1";"UF";"1145";"607";"0E-12";"1";"30070341";"NONE";"SNP";"UF";"172356";"484";"0E-12";"GB";"UF";"3";"0E-12";"0E-12";"0E-12";"0E-12";"0E-12";"1.000000000000";"1.000000000000";"0E-12";"0E-12";"0E-12";"LUMEN";"MV0628020";"MV0628020 SNP";"GERENCIA DE TECNOLOGIA DE LA INFORMACION-TEST (HDD)";"MONTH";"30070341";"2";"CenturyLink - AAAA Nutanix PC v3";
"1";"3";"2021-10-01";"2021-10-31";"1";"UF";"1079";"606";"116365.477538108976";"1";"30070341";"NONE";"IMG";"UF";"304376";"1501";"0E-12";"GB";"UF";"3";"0E-12";"0E-12";"0E-12";"116365.477538108976";"161.618718802929";"1.000000000000";"1.000000000000";"0E-12";"0E-12";"0E-12";"LUMEN";"XCLARITY-scsi.0";"XCLARITY-scsi.0 - IMG";"GERENCIA DE TECNOLOGIA DE LA INFORMACION-TEST (HDD)";"MONTH";"30070341";"2";"CenturyLink - AAAA Nutanix PC v3";
"1";"3";"2021-10-01";"2021-10-31";"1";"UF";"1080";"606";"1332.726562500000";"1";"30070341";"NONE";"IMG";"UF";"304377";"1501";"0E-12";"GB";"UF";"3";"0E-12";"0E-12";"0E-12";"1332.726562500000";"1.851009114583";"1.000000000000";"1.000000000000";"0E-12";"0E-12";"0E-12";"LUMEN";"Ubuntu-20.04-cloudimage";"Ubuntu-20.04-cloudimage - IMG";"GERENCIA DE TECNOLOGIA DE LA INFORMACION-TEST (HDD)";"MONTH";"30070341";"2";"CenturyLink - AAAA Nutanix PC v3";
"1";"3";"2021-10-01";"2021-10-31";"1";"UF";"1081";"606";"328.447265625000";"1";"30070341";"NONE";"IMG";"UF";"304378";"1501";"0E-12";"GB";"UF";"3";"0E-12";"0E-12";"0E-12";"328.447265625000";"0.456176757812";"1.000000000000";"1.000000000000";"0E-12";"0E-12";"0E-12";"LUMEN";"FrameCCA-2.1.0.iso";"FrameCCA-2.1.0.iso - IMG";"GERENCIA DE TECNOLOGIA DE LA INFORMACION-TEST (HDD)";"MONTH";"30070341";"2";"CenturyLink - AAAA Nutanix PC v3";
"1";"3";"2021-10-01";"2021-10-31";"1";"UF";"1082";"606";"662.721187591548";"1";"30070341";"NONE";"IMG";"UF";"304379";"1501";"0E-12";"GB";"UF";"3";"0E-12";"0E-12";"0E-12";"662.721187591548";"0.920446093877";"1.000000000000";"1.000000000000";"0E-12";"0E-12";"0E-12";"LUMEN";"Ubuntu_Server_21.04";"Ubuntu_Server_21.04 - IMG";"GERENCIA DE TECNOLOGIA DE LA INFORMACION-TEST (HDD)";"MONTH";"30070341";"2";"CenturyLink - AAAA Nutanix PC v3";
"1";"3";"2021-10-01";"2021-10-31";"1";"UF";"1083";"606";"2252.970703125000";"1";"30070341";"NONE";"IMG";"UF";"304380";"1501";"0E-12";"GB";"UF";"3";"0E-12";"0E-12";"0E-12";"2252.970703125000";"3.129125976562";"1.000000000000";"1.000000000000";"0E-12";"0E-12";"0E-12";"LUMEN";"Centos_6.10";"Centos_6.10 - IMG";"GERENCIA DE TECNOLOGIA DE LA INFORMACION-TEST (HDD)";"MONTH";"30070341";"2";"CenturyLink - AAAA Nutanix PC v3";
"1";"3";"2021-10-01";"2021-10-31";"1";"UF";"1084";"606";"3934.992656707740";"1";"30070341";"NONE";"IMG";"UF";"304381";"1501";"0E-12";"GB";"UF";"3";"0E-12";"0E-12";"0E-12";"3934.992656707740";"5.465267578761";"1.000000000000";"1.000000000000";"0E-12";"0E-12";"0E-12";"LUMEN";"Windows Server 2016";"Windows Server 2016 - IMG";"GERENCIA DE TECNOLOGIA DE LA INFORMACION-TEST (HDD)";"MONTH";"30070341";"2";"CenturyLink - AAAA Nutanix PC v3";
"1";"3";"2021-10-01";"2021-10-31";"1";"UF";"1085";"606";"72720.000000000000";"1";"30070341";"NONE";"IMG";"UF";"304382";"1501";"0E-12";"GB";"UF";"3";"0E-12";"0E-12";"0E-12";"72720.000000000000";"101.000000000000";"1.000000000000";"1.000000000000";"0E-12";"0E-12";"0E-12";"LUMEN";"Nutanix-Foundation-4.6.2";"Nutanix-Foundation-4.6.2 - IMG";"GERENCIA DE TECNOLOGIA DE LA INFORMACION-TEST (HDD)";"MONTH";"30070341";"2";"CenturyLink - AAAA Nutanix PC v3";
"1";"3";"2021-10-01";"2021-10-31";"1";"UF";"1086";"606";"374.015625000000";"1";"30070341";"NONE";"IMG";"UF";"304383";"1501";"0E-12";"GB";"UF";"3";"0E-12";"0E-12";"0E-12";"374.015625000000";"0.519466145833";"1.000000000000";"1.000000000000";"0E-12";"0E-12";"0E-12";"LUMEN";"Ubuntu_14.04.6";"Ubuntu_14.04.6 - IMG";"GERENCIA DE TECNOLOGIA DE LA INFORMACION-TEST (HDD)";"MONTH";"30070341";"2";"CenturyLink - AAAA Nutanix PC v3";
"1";"3";"2021-10-01";"2021-10-31";"1";"UF";"1087";"606";"3980.155311584520";"1";"30070341";"NONE";"IMG";"UF";"304384";"1501";"0E-12";"GB";"UF";"3";"0E-12";"0E-12";"0E-12";"3980.155311584520";"5.527993488312";"1.000000000000";"1.000000000000";"0E-12";"0E-12";"0E-12";"LUMEN";"SLE-12-SP3-SAP-DVD-x86_64-GM-DVD2.iso";"SLE-12-SP3-SAP-DVD-x86_64-GM-DVD2.iso - IMG";"GERENCIA DE TECNOLOGIA DE LA INFORMACION-TEST (HDD)";"MONTH";"30070341";"2";"CenturyLink - AAAA Nutanix PC v3";
"1";"3";"2021-10-01";"2021-10-31";"1";"UF";"1088";"606";"4848.000000000000";"1";"30070341";"NONE";"IMG";"UF";"304385";"1501";"0E-12";"GB";"UF";"3";"0E-12";"0E-12";"0E-12";"4848.000000000000";"6.733333333333";"1.000000000000";"1.000000000000";"0E-12";"0E-12";"0E-12";"LUMEN";"Centos-7.2";"Centos-7.2 - IMG";"GERENCIA DE TECNOLOGIA DE LA INFORMACION-TEST (HDD)";"MONTH";"30070341";"2";"CenturyLink - AAAA Nutanix PC v3";
"1";"3";"2021-10-01";"2021-10-31";"1";"UF";"1089";"606";"6060.000000000000";"1";"30070341";"NONE";"IMG";"UF";"304386";"1501";"0E-12";"GB";"UF";"3";"0E-12";"0E-12";"0E-12";"6060.000000000000";"8.416666666667";"1.000000000000";"1.000000000000";"0E-12";"0E-12";"0E-12";"LUMEN";"rhel-8.2-x86_64-kvm.qcow2";"rhel-8.2-x86_64-kvm.qcow2 - IMG";"GERENCIA DE TECNOLOGIA DE LA INFORMACION-TEST (HDD)";"MONTH";"30070341";"2";"CenturyLink - AAAA Nutanix PC v3";
"1";"3";"2021-10-01";"2021-10-31";"1";"UF";"1090";"606";"79.271884918104";"1";"30070341";"NONE";"IMG";"UF";"304387";"1501";"0E-12";"GB";"UF";"3";"0E-12";"0E-12";"0E-12";"79.271884918104";"0.110099840164";"1.000000000000";"1.000000000000";"0E-12";"0E-12";"0E-12";"LUMEN";"VirtIO1.1.6";"VirtIO1.1.6 - IMG";"GERENCIA DE TECNOLOGIA DE LA INFORMACION-TEST (HDD)";"MONTH";"30070341";"2";"CenturyLink - AAAA Nutanix PC v3";
"1";"3";"2021-10-01";"2021-10-31";"1";"UF";"1091";"606";"688.829601287856";"1";"30070341";"NONE";"IMG";"UF";"304388";"1501";"0E-12";"GB";"UF";"3";"0E-12";"0E-12";"0E-12";"688.829601287856";"0.956707779566";"1.000000000000";"1.000000000000";"0E-12";"0E-12";"0E-12";"LUMEN";"Centreon_20.10-0";"Centreon_20.10-0 - IMG";"GERENCIA DE TECNOLOGIA DE LA INFORMACION-TEST (HDD)";"MONTH";"30070341";"2";"CenturyLink - AAAA Nutanix PC v3";
"1";"3";"2021-10-01";"2021-10-31";"1";"UF";"1092";"606";"1134.030761718750";"1";"30070341";"NONE";"IMG";"UF";"304389";"1501";"0E-12";"GB";"UF";"3";"0E-12";"0E-12";"0E-12";"1134.030761718750";"1.575042724609";"1.000000000000";"1.000000000000";"0E-12";"0E-12";"0E-12";"LUMEN";"Linux Mint 19.2";"Linux Mint 19.2 - IMG";"GERENCIA DE TECNOLOGIA DE LA INFORMACION-TEST (HDD)";"MONTH";"30070341";"2";"CenturyLink - AAAA Nutanix PC v3";
"1";"3";"2021-10-01";"2021-10-31";"1";"UF";"1093";"606";"2206.218750000000";"1";"30070341";"NONE";"IMG";"UF";"304390";"1501";"0E-12";"GB";"UF";"3";"0E-12";"0E-12";"0E-12";"2206.218750000000";"3.064192708333";"1.000000000000";"1.000000000000";"0E-12";"0E-12";"0E-12";"LUMEN";"SLE-12-SP3-SAP-DVD-x86_64-GM-DVD1.iso";"SLE-12-SP3-SAP-DVD-x86_64-GM-DVD1.iso - IMG";"GERENCIA DE TECNOLOGIA DE LA INFORMACION-TEST (HDD)";"MONTH";"30070341";"2";"CenturyLink - AAAA Nutanix PC v3";
"1";"3";"2021-10-01";"2021-10-31";"1";"UF";"1094";"606";"2233.771980285654";"1";"30070341";"NONE";"IMG";"UF";"304391";"1501";"0E-12";"GB";"UF";"3";"0E-12";"0E-12";"0E-12";"2233.771980285654";"3.102461083730";"1.000000000000";"1.000000000000";"0E-12";"0E-12";"0E-12";"LUMEN";"Win10_x64";"Win10_x64 - IMG";"GERENCIA DE TECNOLOGIA DE LA INFORMACION-TEST (HDD)";"MONTH";"30070341";"2";"CenturyLink - AAAA Nutanix PC v3";
"1";"3";"2021-10-01";"2021-10-31";"1";"UF";"1095";"606";"30300.000000000000";"1";"30070341";"NONE";"IMG";"UF";"304392";"1501";"0E-12";"GB";"UF";"3";"0E-12";"0E-12";"0E-12";"30300.000000000000";"42.083333333333";"1.000000000000";"1.000000000000";"0E-12";"0E-12";"0E-12";"LUMEN";"Nutanix-Era-2.0.0.2";"Nutanix-Era-2.0.0.2 - IMG";"GERENCIA DE TECNOLOGIA DE LA INFORMACION-TEST (HDD)";"MONTH";"30070341";"2";"CenturyLink - AAAA Nutanix PC v3";
"1";"3";"2021-10-01";"2021-10-31";"1";"UF";"1096";"606";"2989.367134094172";"1";"30070341";"NONE";"IMG";"UF";"304393";"1501";"0E-12";"GB";"UF";"3";"0E-12";"0E-12";"0E-12";"2989.367134094172";"4.151898797353";"1.000000000000";"1.000000000000";"0E-12";"0E-12";"0E-12";"LUMEN";"Windows Server 2019";"Windows Server 2019 - IMG";"GERENCIA DE TECNOLOGIA DE LA INFORMACION-TEST (HDD)";"MONTH";"30070341";"2";"CenturyLink - AAAA Nutanix PC v3";
"1";"3";"2021-10-01";"2021-10-31";"1";"UF";"1097";"606";"30300.000000000000";"1";"30070341";"NONE";"IMG";"UF";"304394";"1501";"0E-12";"GB";"UF";"3";"0E-12";"0E-12";"0E-12";"30300.000000000000";"42.083333333333";"1.000000000000";"1.000000000000";"0E-12";"0E-12";"0E-12";"LUMEN";"Nutanix-Move 3.5.2";"Nutanix-Move 3.5.2 - IMG";"GERENCIA DE TECNOLOGIA DE LA INFORMACION-TEST (HDD)";"MONTH";"30070341";"2";"CenturyLink - AAAA Nutanix PC v3";
"1";"3";"2021-10-01";"2021-10-31";"1";"UF";"1098";"606";"48480.000000000000";"1";"30070341";"NONE";"IMG";"UF";"304395";"1501";"0E-12";"GB";"UF";"3";"0E-12";"0E-12";"0E-12";"48480.000000000000";"67.333333333333";"1.000000000000";"1.000000000000";"0E-12";"0E-12";"0E-12";"LUMEN";"goldimage";"goldimage - IMG";"GERENCIA DE TECNOLOGIA DE LA INFORMACION-TEST (HDD)";"MONTH";"30070341";"2";"CenturyLink - AAAA Nutanix PC v3";
"1";"3";"2021-10-01";"2021-10-31";"1";"UF";"1099";"606";"7391.542968750000";"1";"30070341";"NONE";"IMG";"UF";"304396";"1501";"0E-12";"GB";"UF";"3";"0E-12";"0E-12";"0E-12";"7391.542968750000";"10.266031901042";"1.000000000000";"1.000000000000";"0E-12";"0E-12";"0E-12";"LUMEN";"windows_server_2012_r2_standard_eval_kvm_20170321.qcow2";"windows_server_2012_r2_standard_eval_kvm_20170321.qcow2 - IMG";"GERENCIA DE TECNOLOGIA DE LA INFORMACION-TEST (HDD)";"MONTH";"30070341";"2";"CenturyLink - AAAA Nutanix PC v3";
"1";"3";"2021-10-01";"2021-10-31";"1";"UF";"1100";"606";"4848.000000000000";"1";"30070341";"NONE";"IMG";"UF";"304397";"1501";"0E-12";"GB";"UF";"3";"0E-12";"0E-12";"0E-12";"4848.000000000000";"6.733333333333";"1.000000000000";"1.000000000000";"0E-12";"0E-12";"0E-12";"LUMEN";"Centos-7.2_NEW";"Centos-7.2_NEW - IMG";"GERENCIA DE TECNOLOGIA DE LA INFORMACION-TEST (HDD)";"MONTH";"30070341";"2";"CenturyLink - AAAA Nutanix PC v3";
"1";"3";"2021-10-01";"2021-10-31";"1";"UF";"1102";"606";"334.957031250000";"1";"30070341";"NONE";"IMG";"UF";"304398";"1501";"0E-12";"GB";"UF";"3";"0E-12";"0E-12";"0E-12";"334.957031250000";"0.465218098958";"1.000000000000";"1.000000000000";"0E-12";"0E-12";"0E-12";"LUMEN";"FrameSGA_2.0";"FrameSGA_2.0 - IMG";"GERENCIA DE TECNOLOGIA DE LA INFORMACION-TEST (HDD)";"MONTH";"30070341";"2";"CenturyLink - AAAA Nutanix PC v3";
"1";"3";"2021-10-01";"2021-10-31";"1";"UF";"1103";"606";"1396.983913421664";"1";"30070341";"NONE";"IMG";"UF";"304399";"1501";"0E-12";"GB";"UF";"3";"0E-12";"0E-12";"0E-12";"1396.983913421664";"1.940255435308";"1.000000000000";"1.000000000000";"0E-12";"0E-12";"0E-12";"LUMEN";"Win_7_x32";"Win_7_x32 - IMG";"GERENCIA DE TECNOLOGIA DE LA INFORMACION-TEST (HDD)";"MONTH";"30070341";"2";"CenturyLink - AAAA Nutanix PC v3";
"1";"3";"2021-10-01";"2021-10-31";"1";"UF";"1104";"606";"3934.992656707740";"1";"30070341";"NONE";"IMG";"UF";"304400";"1501";"0E-12";"GB";"UF";"3";"0E-12";"0E-12";"0E-12";"3934.992656707740";"5.465267578761";"1.000000000000";"1.000000000000";"0E-12";"0E-12";"0E-12";"LUMEN";"CITRIX_Windows_Server_2016_Datacenter_EVAL_en-us_14393_refresh.ISO";"CITRIX_Windows_Server_2016_Datacenter_EVAL_en-us_14393_refresh.ISO - IMG";"GERENCIA DE TECNOLOGIA DE LA INFORMACION-TEST (HDD)";"MONTH";"30070341";"2";"CenturyLink - AAAA Nutanix PC v3";
"1";"3";"2021-10-01";"2021-10-31";"1";"UF";"1105";"606";"27.482723235852";"1";"30070341";"NONE";"IMG";"UF";"304401";"1501";"0E-12";"GB";"UF";"3";"0E-12";"0E-12";"0E-12";"27.482723235852";"0.038170448939";"1.000000000000";"1.000000000000";"0E-12";"0E-12";"0E-12";"LUMEN";"Virtio-1.1.4";"Virtio-1.1.4 - IMG";"GERENCIA DE TECNOLOGIA DE LA INFORMACION-TEST (HDD)";"MONTH";"30070341";"2";"CenturyLink - AAAA Nutanix PC v3";
"1";"3";"2021-10-01";"2021-10-31";"1";"UF";"1106";"606";"2141.121093750000";"1";"30070341";"NONE";"IMG";"UF";"304402";"1501";"0E-12";"GB";"UF";"3";"0E-12";"0E-12";"0E-12";"2141.121093750000";"2.973779296875";"1.000000000000";"1.000000000000";"0E-12";"0E-12";"0E-12";"LUMEN";"rhel-server-7.3-x86_64-dvd.iso";"rhel-server-7.3-x86_64-dvd.iso - IMG";"GERENCIA DE TECNOLOGIA DE LA INFORMACION-TEST (HDD)";"MONTH";"30070341";"2";"CenturyLink - AAAA Nutanix PC v3";
"1";"3";"2021-10-01";"2021-10-31";"1";"UF";"1107";"606";"1787.238121032516";"1";"30070341";"NONE";"IMG";"UF";"304403";"1501";"0E-12";"GB";"UF";"3";"0E-12";"0E-12";"0E-12";"1787.238121032516";"2.482275168101";"1.000000000000";"1.000000000000";"0E-12";"0E-12";"0E-12";"LUMEN";"CITRIX_W2K8R2SP1.iso";"CITRIX_W2K8R2SP1.iso - IMG";"GERENCIA DE TECNOLOGIA DE LA INFORMACION-TEST (HDD)";"MONTH";"30070341";"2";"CenturyLink - AAAA Nutanix PC v3";
"1";"3";"2021-10-01";"2021-10-31";"1";"UF";"1108";"606";"116365.477538108976";"1";"30070341";"NONE";"IMG";"UF";"304404";"1501";"0E-12";"GB";"UF";"3";"0E-12";"0E-12";"0E-12";"116365.477538108976";"161.618718802929";"1.000000000000";"1.000000000000";"0E-12";"0E-12";"0E-12";"LUMEN";"XCLARITY-scsi.0";"XCLARITY-scsi.0 - IMG";"GERENCIA DE TECNOLOGIA DE LA INFORMACION-TEST (HDD)";"MONTH";"30070341";"2";"CenturyLink - AAAA Nutanix PC v3";
"1";"3";"2021-10-01";"2021-10-31";"1";"UF";"1109";"606";"60600.000000000000";"1";"30070341";"NONE";"IMG";"UF";"304405";"1501";"0E-12";"GB";"UF";"3";"0E-12";"0E-12";"0E-12";"60600.000000000000";"84.166666666667";"1.000000000000";"1.000000000000";"0E-12";"0E-12";"0E-12";"LUMEN";"prueba-scsi.1";"prueba-scsi.1 - IMG";"GERENCIA DE TECNOLOGIA DE LA INFORMACION-TEST (HDD)";"MONTH";"30070341";"2";"CenturyLink - AAAA Nutanix PC v3";
"1";"3";"2021-10-01";"2021-10-31";"1";"UF";"1110";"606";"8876.953125000000";"1";"30070341";"NONE";"IMG";"UF";"304406";"1501";"0E-12";"GB";"UF";"3";"0E-12";"0E-12";"0E-12";"8876.953125000000";"12.329101562500";"1.000000000000";"1.000000000000";"0E-12";"0E-12";"0E-12";"LUMEN";"karbon-ntnx-1.0";"karbon-ntnx-1.0 - IMG";"GERENCIA DE TECNOLOGIA DE LA INFORMACION-TEST (HDD)";"MONTH";"30070341";"2";"CenturyLink - AAAA Nutanix PC v3";
"1";"3";"2021-10-01";"2021-10-31";"1";"UF";"1111";"606";"3934.992656707740";"1";"30070341";"NONE";"IMG";"UF";"304407";"1501";"0E-12";"GB";"UF";"3";"0E-12";"0E-12";"0E-12";"3934.992656707740";"5.465267578761";"1.000000000000";"1.000000000000";"0E-12";"0E-12";"0E-12";"LUMEN";"Windows_Server_2016_Datacenter_EVAL_en-us_14393";"Windows_Server_2016_Datacenter_EVAL_en-us_14393 - IMG";"GERENCIA DE TECNOLOGIA DE LA INFORMACION-TEST (HDD)";"MONTH";"30070341";"2";"CenturyLink - AAAA Nutanix PC v3";
"1";"3";"2021-10-01";"2021-10-31";"1";"UF";"1112";"606";"272.226562500000";"1";"30070341";"NONE";"IMG";"UF";"304408";"1501";"0E-12";"GB";"UF";"3";"0E-12";"0E-12";"0E-12";"272.226562500000";"0.378092447917";"1.000000000000";"1.000000000000";"0E-12";"0E-12";"0E-12";"LUMEN";"CoreOS_ISO";"CoreOS_ISO - IMG";"GERENCIA DE TECNOLOGIA DE LA INFORMACION-TEST (HDD)";"MONTH";"30070341";"2";"CenturyLink - AAAA Nutanix PC v3";
"1";"3";"2021-10-01";"2021-10-31";"1";"UF";"1113";"606";"33.337120056408";"1";"30070341";"NONE";"IMG";"UF";"304409";"1501";"0E-12";"GB";"UF";"3";"0E-12";"0E-12";"0E-12";"33.337120056408";"0.046301555634";"1.000000000000";"1.000000000000";"0E-12";"0E-12";"0E-12";"LUMEN";"Virtio-1.1.5";"Virtio-1.1.5 - IMG";"GERENCIA DE TECNOLOGIA DE LA INFORMACION-TEST (HDD)";"MONTH";"30070341";"2";"CenturyLink - AAAA Nutanix PC v3";
"1";"3";"2021-10-01";"2021-10-31";"1";"UF";"1115";"606";"72720.000000000000";"1";"30070341";"NONE";"IMG";"UF";"304410";"1501";"0E-12";"GB";"UF";"3";"0E-12";"0E-12";"0E-12";"72720.000000000000";"101.000000000000";"1.000000000000";"1.000000000000";"0E-12";"0E-12";"0E-12";"LUMEN";"linux-desktop2-sata.0";"linux-desktop2-sata.0 - IMG";"GERENCIA DE TECNOLOGIA DE LA INFORMACION-TEST (HDD)";"MONTH";"30070341";"2";"CenturyLink - AAAA Nutanix PC v3";
"1";"3";"2021-10-01";"2021-10-31";"1";"UF";"1116";"606";"116365.477538108976";"1";"30070341";"NONE";"IMG";"UF";"304411";"1501";"0E-12";"GB";"UF";"3";"0E-12";"0E-12";"0E-12";"116365.477538108976";"161.618718802929";"1.000000000000";"1.000000000000";"0E-12";"0E-12";"0E-12";"LUMEN";"xClarity-Admin";"xClarity-Admin - IMG";"GERENCIA DE TECNOLOGIA DE LA INFORMACION-TEST (HDD)";"MONTH";"30070341";"2";"CenturyLink - AAAA Nutanix PC v3";
"1";"3";"2021-10-01";"2021-10-31";"1";"UF";"1117";"606";"4848.000000000000";"1";"30070341";"NONE";"IMG";"UF";"304412";"1501";"0E-12";"GB";"UF";"3";"0E-12";"0E-12";"0E-12";"4848.000000000000";"6.733333333333";"1.000000000000";"1.000000000000";"0E-12";"0E-12";"0E-12";"LUMEN";"CentOS-7-x86_64-GenericCloud-2009";"CentOS-7-x86_64-GenericCloud-2009 - IMG";"GERENCIA DE TECNOLOGIA DE LA INFORMACION-TEST (HDD)";"MONTH";"30070341";"2";"CenturyLink - AAAA Nutanix PC v3";
"1";"3";"2021-10-01";"2021-10-31";"1";"UF";"1118";"606";"4761.597656250000";"1";"30070341";"NONE";"IMG";"UF";"304413";"1501";"0E-12";"GB";"UF";"3";"0E-12";"0E-12";"0E-12";"4761.597656250000";"6.613330078125";"1.000000000000";"1.000000000000";"0E-12";"0E-12";"0E-12";"LUMEN";"rhel-8.2-x86_64-dvd.iso";"rhel-8.2-x86_64-dvd.iso - IMG";"GERENCIA DE TECNOLOGIA DE LA INFORMACION-TEST (HDD)";"MONTH";"30070341";"2";"CenturyLink - AAAA Nutanix PC v3";
"1";"3";"2021-10-01";"2021-10-31";"1";"UF";"1119";"606";"8876.953125000000";"1";"30070341";"NONE";"IMG";"UF";"304414";"1501";"0E-12";"GB";"UF";"3";"0E-12";"0E-12";"0E-12";"8876.953125000000";"12.329101562500";"1.000000000000";"1.000000000000";"0E-12";"0E-12";"0E-12";"LUMEN";"msp_goldimage_default";"msp_goldimage_default - IMG";"GERENCIA DE TECNOLOGIA DE LA INFORMACION-TEST (HDD)";"MONTH";"30070341";"2";"CenturyLink - AAAA Nutanix PC v3";
"1";"3";"2021-10-01";"2021-10-31";"1";"UF";"1120";"606";"2632.312500000000";"1";"30070341";"NONE";"IMG";"UF";"304415";"1501";"0E-12";"GB";"UF";"3";"0E-12";"0E-12";"0E-12";"2632.312500000000";"3.655989583333";"1.000000000000";"1.000000000000";"0E-12";"0E-12";"0E-12";"LUMEN";"Centos 1908";"Centos 1908 - IMG";"GERENCIA DE TECNOLOGIA DE LA INFORMACION-TEST (HDD)";"MONTH";"30070341";"2";"CenturyLink - AAAA Nutanix PC v3";
"1";"3";"2021-10-01";"2021-10-31";"1";"UF";"1121";"606";"2568.398437500000";"1";"30070341";"NONE";"IMG";"UF";"304416";"1501";"0E-12";"GB";"UF";"3";"0E-12";"0E-12";"0E-12";"2568.398437500000";"3.567220052083";"1.000000000000";"1.000000000000";"0E-12";"0E-12";"0E-12";"LUMEN";"rhel-server-7.8-x86_64-dvd.iso";"rhel-server-7.8-x86_64-dvd.iso - IMG";"GERENCIA DE TECNOLOGIA DE LA INFORMACION-TEST (HDD)";"MONTH";"30070341";"2";"CenturyLink - AAAA Nutanix PC v3";
"1";"3";"2021-10-01";"2021-10-31";"1";"UF";"1122";"606";"303000.000000000000";"1";"30070341";"NONE";"IMG";"UF";"304417";"1501";"0E-12";"GB";"UF";"3";"0E-12";"0E-12";"0E-12";"303000.000000000000";"420.833333333333";"1.000000000000";"1.000000000000";"0E-12";"0E-12";"0E-12";"LUMEN";"CenTos-8.2-2004-VM-64bit";"CenTos-8.2-2004-VM-64bit - IMG";"GERENCIA DE TECNOLOGIA DE LA INFORMACION-TEST (HDD)";"MONTH";"30070341";"2";"CenturyLink - AAAA Nutanix PC v3";
"1";"3";"2021-10-01";"2021-10-31";"1";"UF";"1123";"606";"3059.771312713410";"1";"30070341";"NONE";"IMG";"UF";"304418";"1501";"0E-12";"GB";"UF";"3";"0E-12";"0E-12";"0E-12";"3059.771312713410";"4.249682378769";"1.000000000000";"1.000000000000";"0E-12";"0E-12";"0E-12";"LUMEN";"WIN10_1909_X64";"WIN10_1909_X64 - IMG";"GERENCIA DE TECNOLOGIA DE LA INFORMACION-TEST (HDD)";"MONTH";"30070341";"2";"CenturyLink - AAAA Nutanix PC v3";
"1";"3";"2021-10-01";"2021-10-31";"1";"UF";"1124";"606";"2563.585464477558";"1";"30070341";"NONE";"IMG";"UF";"304419";"1501";"0E-12";"GB";"UF";"3";"0E-12";"0E-12";"0E-12";"2563.585464477558";"3.560535367330";"1.000000000000";"1.000000000000";"0E-12";"0E-12";"0E-12";"LUMEN";"Windows_2012R2";"Windows_2012R2 - IMG";"GERENCIA DE TECNOLOGIA DE LA INFORMACION-TEST (HDD)";"MONTH";"30070341";"2";"CenturyLink - AAAA Nutanix PC v3";
"1";"3";"2021-10-01";"2021-10-31";"1";"UF";"1125";"606";"4848.000000000000";"1";"30070341";"NONE";"IMG";"UF";"304420";"1501";"0E-12";"GB";"UF";"3";"0E-12";"0E-12";"0E-12";"4848.000000000000";"6.733333333333";"1.000000000000";"1.000000000000";"0E-12";"0E-12";"0E-12";"LUMEN";"prueba-scsi.0";"prueba-scsi.0 - IMG";"GERENCIA DE TECNOLOGIA DE LA INFORMACION-TEST (HDD)";"MONTH";"30070341";"2";"CenturyLink - AAAA Nutanix PC v3";
"1";"3";"2021-10-01";"2021-10-31";"1";"UF";"1126";"606";"6060.000000000000";"1";"30070341";"NONE";"IMG";"UF";"304421";"1501";"0E-12";"GB";"UF";"3";"0E-12";"0E-12";"0E-12";"6060.000000000000";"8.416666666667";"1.000000000000";"1.000000000000";"0E-12";"0E-12";"0E-12";"LUMEN";"Centos8_2_2";"Centos8_2_2 - IMG";"GERENCIA DE TECNOLOGIA DE LA INFORMACION-TEST (HDD)";"MONTH";"30070341";"2";"CenturyLink - AAAA Nutanix PC v3";
"1";"3";"2021-10-01";"2021-10-31";"1";"UF";"1127";"606";"116365.477538108976";"1";"30070341";"NONE";"IMG";"UF";"304422";"1501";"0E-12";"GB";"UF";"3";"0E-12";"0E-12";"0E-12";"116365.477538108976";"161.618718802929";"1.000000000000";"1.000000000000";"0E-12";"0E-12";"0E-12";"LUMEN";"XCLARITY-scsi.0";"XCLARITY-scsi.0 - IMG";"GERENCIA DE TECNOLOGIA DE LA INFORMACION-TEST (HDD)";"MONTH";"30070341";"2";"CenturyLink - AAAA Nutanix PC v3";
"1";"3";"2021-10-01";"2021-10-31";"1";"UF";"1128";"606";"171.581794738476";"1";"30070341";"NONE";"IMG";"UF";"304423";"1501";"0E-12";"GB";"UF";"3";"0E-12";"0E-12";"0E-12";"171.581794738476";"0.238308048248";"1.000000000000";"1.000000000000";"0E-12";"0E-12";"0E-12";"LUMEN";"Frame_guest_installer_7930";"Frame_guest_installer_7930 - IMG";"GERENCIA DE TECNOLOGIA DE LA INFORMACION-TEST (HDD)";"MONTH";"30070341";"2";"CenturyLink - AAAA Nutanix PC v3";
"1";"3";"2021-10-01";"2021-10-31";"1";"UF";"1129";"606";"540.902343750000";"1";"30070341";"NONE";"IMG";"UF";"304424";"1501";"0E-12";"GB";"UF";"3";"0E-12";"0E-12";"0E-12";"540.902343750000";"0.751253255208";"1.000000000000";"1.000000000000";"0E-12";"0E-12";"0E-12";"LUMEN";"Ubuntu_Server_20.01.1";"Ubuntu_Server_20.01.1 - IMG";"GERENCIA DE TECNOLOGIA DE LA INFORMACION-TEST (HDD)";"MONTH";"30070341";"2";"CenturyLink - AAAA Nutanix PC v3";
"1";"3";"2021-10-01";"2021-10-31";"1";"UF";"1130";"606";"116365.477538108976";"1";"30070341";"NONE";"IMG";"UF";"304425";"1501";"0E-12";"GB";"UF";"3";"0E-12";"0E-12";"0E-12";"116365.477538108976";"161.618718802929";"1.000000000000";"1.000000000000";"0E-12";"0E-12";"0E-12";"LUMEN";"XCLARITY-scsi.0";"XCLARITY-scsi.0 - IMG";"GERENCIA DE TECNOLOGIA DE LA INFORMACION-TEST (HDD)";"MONTH";"30070341";"2";"CenturyLink - AAAA Nutanix PC v3";
"1";"3";"2021-10-01";"2021-10-31";"1";"UF";"1131";"606";"8876.953125000000";"1";"30070341";"NONE";"IMG";"UF";"304426";"1501";"0E-12";"GB";"UF";"3";"0E-12";"0E-12";"0E-12";"8876.953125000000";"12.329101562500";"1.000000000000";"1.000000000000";"0E-12";"0E-12";"0E-12";"LUMEN";"karbon-ntnx-0.5";"karbon-ntnx-0.5 - IMG";"GERENCIA DE TECNOLOGIA DE LA INFORMACION-TEST (HDD)";"MONTH";"30070341";"2";"CenturyLink - AAAA Nutanix PC v3";
"1";"3";"2021-10-01";"2021-10-31";"1";"UF";"1132";"606";"2585.301635742036";"1";"30070341";"NONE";"IMG";"UF";"304427";"1501";"0E-12";"GB";"UF";"3";"0E-12";"0E-12";"0E-12";"2585.301635742036";"3.590696716308";"1.000000000000";"1.000000000000";"0E-12";"0E-12";"0E-12";"LUMEN";"win_7_x64";"win_7_x64 - IMG";"GERENCIA DE TECNOLOGIA DE LA INFORMACION-TEST (HDD)";"MONTH";"30070341";"2";"CenturyLink - AAAA Nutanix PC v3";
"1";"3";"2021-10-01";"2021-10-31";"1";"UF";"1133";"606";"4848.000000000000";"1";"30070341";"NONE";"IMG";"UF";"304428";"1501";"0E-12";"GB";"UF";"3";"0E-12";"0E-12";"0E-12";"4848.000000000000";"6.733333333333";"1.000000000000";"1.000000000000";"0E-12";"0E-12";"0E-12";"LUMEN";"NIAC_VDISK_TO_IMAGE";"NIAC_VDISK_TO_IMAGE - IMG";"GERENCIA DE TECNOLOGIA DE LA INFORMACION-TEST (HDD)";"MONTH";"30070341";"2";"CenturyLink - AAAA Nutanix PC v3";
"1";"3";"2021-10-01";"2021-10-31";"1";"UF";"1134";"606";"8959.804687500000";"1";"30070341";"NONE";"IMG";"UF";"304429";"1501";"0E-12";"GB";"UF";"3";"0E-12";"0E-12";"0E-12";"8959.804687500000";"12.444173177083";"1.000000000000";"1.000000000000";"0E-12";"0E-12";"0E-12";"LUMEN";"Nutanix Beam 1.0.3";"Nutanix Beam 1.0.3 - IMG";"GERENCIA DE TECNOLOGIA DE LA INFORMACION-TEST (HDD)";"MONTH";"30070341";"2";"CenturyLink - AAAA Nutanix PC v3";
"1";"3";"2021-10-01";"2021-10-31";"1";"UF";"1135";"606";"116365.477538108976";"1";"30070341";"NONE";"IMG";"UF";"304430";"1501";"0E-12";"GB";"UF";"3";"0E-12";"0E-12";"0E-12";"116365.477538108976";"161.618718802929";"1.000000000000";"1.000000000000";"0E-12";"0E-12";"0E-12";"LUMEN";"XCLARITY-scsi.0";"XCLARITY-scsi.0 - IMG";"GERENCIA DE TECNOLOGIA DE LA INFORMACION-TEST (HDD)";"MONTH";"30070341";"2";"CenturyLink - AAAA Nutanix PC v3";
"1";"3";"2021-10-01";"2021-10-31";"1";"UF";"1136";"606";"328.447265625000";"1";"30070341";"NONE";"IMG";"UF";"304431";"1501";"0E-12";"GB";"UF";"3";"0E-12";"0E-12";"0E-12";"328.447265625000";"0.456176757812";"1.000000000000";"1.000000000000";"0E-12";"0E-12";"0E-12";"LUMEN";"FrameCCA-2.1.0";"FrameCCA-2.1.0 - IMG";"GERENCIA DE TECNOLOGIA DE LA INFORMACION-TEST (HDD)";"MONTH";"30070341";"2";"CenturyLink - AAAA Nutanix PC v3";
"1";"3";"2021-10-01";"2021-10-31";"1";"UF";"1137";"606";"121200.000000000000";"1";"30070341";"NONE";"IMG";"UF";"304432";"1501";"0E-12";"GB";"UF";"3";"0E-12";"0E-12";"0E-12";"121200.000000000000";"168.333333333333";"1.000000000000";"1.000000000000";"0E-12";"0E-12";"0E-12";"LUMEN";"EGC-Collector";"EGC-Collector - IMG";"GERENCIA DE TECNOLOGIA DE LA INFORMACION-TEST (HDD)";"MONTH";"30070341";"2";"CenturyLink - AAAA Nutanix PC v3";
"1";"3";"2021-10-01";"2021-10-31";"1";"UF";"1138";"606";"4848.000000000000";"1";"30070341";"NONE";"IMG";"UF";"304433";"1501";"0E-12";"GB";"UF";"3";"0E-12";"0E-12";"0E-12";"4848.000000000000";"6.733333333333";"1.000000000000";"1.000000000000";"0E-12";"0E-12";"0E-12";"LUMEN";"CentOS-7-x86_64-2003.qcow2";"CentOS-7-x86_64-2003.qcow2 - IMG";"GERENCIA DE TECNOLOGIA DE LA INFORMACION-TEST (HDD)";"MONTH";"30070341";"2";"CenturyLink - AAAA Nutanix PC v3";
"1";"3";"2021-10-01";"2021-10-31";"1";"UF";"1139";"606";"5171.059833526332";"1";"30070341";"NONE";"IMG";"UF";"304434";"1501";"0E-12";"GB";"UF";"3";"0E-12";"0E-12";"0E-12";"5171.059833526332";"7.182027546564";"1.000000000000";"1.000000000000";"0E-12";"0E-12";"0E-12";"LUMEN";"WIN_10_1809_BCH_SAD";"WIN_10_1809_BCH_SAD - IMG";"GERENCIA DE TECNOLOGIA DE LA INFORMACION-TEST (HDD)";"MONTH";"30070341";"2";"CenturyLink - AAAA Nutanix PC v3";
"1";"3";"2021-10-01";"2021-10-31";"1";"UF";"1140";"606";"3108.893920898286";"1";"30070341";"NONE";"IMG";"UF";"304435";"1501";"0E-12";"GB";"UF";"3";"0E-12";"0E-12";"0E-12";"3108.893920898286";"4.317908223470";"1.000000000000";"1.000000000000";"0E-12";"0E-12";"0E-12";"LUMEN";"Win10_Max5";"Win10_Max5 - IMG";"GERENCIA DE TECNOLOGIA DE LA INFORMACION-TEST (HDD)";"MONTH";"30070341";"2";"CenturyLink - AAAA Nutanix PC v3";
"1";"3";"2021-10-01";"2021-10-31";"1";"UF";"1141";"606";"1332.726562500000";"1";"30070341";"NONE";"IMG";"UF";"304436";"1501";"0E-12";"GB";"UF";"3";"0E-12";"0E-12";"0E-12";"1332.726562500000";"1.851009114583";"1.000000000000";"1.000000000000";"0E-12";"0E-12";"0E-12";"LUMEN";"Ubuntu Server 21.04 (Hirsute Hippo)";"Ubuntu Server 21.04 (Hirsute Hippo) - IMG";"GERENCIA DE TECNOLOGIA DE LA INFORMACION-TEST (HDD)";"MONTH";"30070341";"2";"CenturyLink - AAAA Nutanix PC v3";
"1";"3";"2021-10-01";"2021-10-31";"1";"UF";"1143";"606";"4848.000000000000";"1";"30070341";"NONE";"IMG";"UF";"304437";"1501";"0E-12";"GB";"UF";"3";"0E-12";"0E-12";"0E-12";"4848.000000000000";"6.733333333333";"1.000000000000";"1.000000000000";"0E-12";"0E-12";"0E-12";"LUMEN";"CentOS-7-x86_64-1905";"CentOS-7-x86_64-1905 - IMG";"GERENCIA DE TECNOLOGIA DE LA INFORMACION-TEST (HDD)";"MONTH";"30070341";"2";"CenturyLink - AAAA Nutanix PC v3";
"1";"3";"2021-10-01";"2021-10-31";"1";"UF";"1156";"217";"1736.000000000000";"1";"30070341";"NONE";"CPU";"UF";"304443";"10";"0.000072571429";"UNT";"UF";"1";"0.000072571429";"0.001741714296";"0.052251428880";"1736.000000000000";"1736.000000000000";"1.000000000000";"1.000000000000";"0.125984000744";"0.125984000744";"0.125984000744";"LUMEN";"windows-desktop(winmax)";"windows-desktop(winmax) - CPU";"GERENCIA DE TECNOLOGIA DE LA INFORMACION-TEST (HDD)";"HOUR";"30070341";"2";"CenturyLink - AAAA Nutanix PC v3";
"1";"3";"2021-10-01";"2021-10-31";"1";"UF";"1160";"216";"0E-12";"1";"30070341";"NONE";"DRP";"UF";"304443";"1227";"0.001186000000";"GB";"UF";"3";"0.000001647222";"0.000039533333";"0.001186000000";"0E-12";"0E-12";"1.000000000000";"1.000000000000";"0E-12";"0E-12";"0E-12";"LUMEN";"windows-desktop(winmax)";"windows-desktop(winmax) - DRP";"GERENCIA DE TECNOLOGIA DE LA INFORMACION-TEST (HDD)";"MONTH";"30070341";"2";"CenturyLink - AAAA Nutanix PC v3";
"1";"3";"2021-10-01";"2021-10-31";"1";"UF";"1158";"217";"13020.000000000000";"1";"30070341";"NONE";"DSK";"UF";"304443";"483";"0.001186000000";"GB";"UF";"3";"0.000001647222";"0.000039533333";"0.001186000000";"13020.000000000000";"18.083333333333";"1.000000000000";"1.000000000000";"0.021446833333";"0.021446833333";"0.021446833333";"LUMEN";"windows-desktop(winmax)";"windows-desktop(winmax) - DSK";"GERENCIA DE TECNOLOGIA DE LA INFORMACION-TEST (HDD)";"MONTH";"30070341";"2";"CenturyLink - AAAA Nutanix PC v3";
"1";"3";"2021-10-01";"2021-10-31";"1";"UF";"1157";"217";"2604.000000000000";"1";"30070341";"NONE";"RAM";"UF";"304443";"9";"0.000076142857";"GB";"UF";"1";"0.000076142857";"0.001827428568";"0.054822857040";"2604.000000000000";"2604.000000000000";"1.000000000000";"1.000000000000";"0.198275999628";"0.198275999628";"0.198275999628";"LUMEN";"windows-desktop(winmax)";"windows-desktop(winmax) - RAM";"GERENCIA DE TECNOLOGIA DE LA INFORMACION-TEST (HDD)";"HOUR";"30070341";"2";"CenturyLink - AAAA Nutanix PC v3";
"1";"3";"2021-10-01";"2021-10-31";"1";"UF";"1159";"607";"0E-12";"1";"30070341";"NONE";"SNP";"UF";"304443";"484";"0E-12";"GB";"UF";"3";"0E-12";"0E-12";"0E-12";"0E-12";"0E-12";"1.000000000000";"1.000000000000";"0E-12";"0E-12";"0E-12";"LUMEN";"windows-desktop(winmax)";"windows-desktop(winmax) - SNP";"GERENCIA DE TECNOLOGIA DE LA INFORMACION-TEST (HDD)";"MONTH";"30070341";"2";"CenturyLink - AAAA Nutanix PC v3";
"1";"3";"2021-10-01";"2021-10-31";"1";"UF";"1161";"217";"868.000000000000";"1";"30070341";"NONE";"CPU";"UF";"304444";"10";"0.000072571429";"UNT";"UF";"1";"0.000072571429";"0.001741714296";"0.052251428880";"868.000000000000";"868.000000000000";"1.000000000000";"1.000000000000";"0.062992000372";"0.062992000372";"0.062992000372";"LUMEN";"linux-rhel-7.8-test1";"linux-rhel-7.8-test1 - CPU";"GERENCIA DE TECNOLOGIA DE LA INFORMACION-TEST (HDD)";"HOUR";"30070341";"2";"CenturyLink - AAAA Nutanix PC v3";
"1";"3";"2021-10-01";"2021-10-31";"1";"UF";"1163";"217";"208320.000000000000";"1";"30070341";"NONE";"DSK";"UF";"304444";"483";"0.001186000000";"GB";"UF";"3";"0.000001647222";"0.000039533333";"0.001186000000";"208320.000000000000";"289.333333333333";"1.000000000000";"1.000000000000";"0.343149333333";"0.343149333333";"0.343149333333";"LUMEN";"linux-rhel-7.8-test1";"linux-rhel-7.8-test1 - DSK";"GERENCIA DE TECNOLOGIA DE LA INFORMACION-TEST (HDD)";"MONTH";"30070341";"2";"CenturyLink - AAAA Nutanix PC v3";
"1";"3";"2021-10-01";"2021-10-31";"1";"UF";"1164";"217";"21917.000000000000";"1";"30070341";"NONE";"DSK";"UF";"304444";"483";"0.001186000000";"GB";"UF";"3";"0.000001647222";"0.000039533333";"0.001186000000";"21917.000000000000";"30.440277777778";"1.000000000000";"1.000000000000";"0.036102169444";"0.036102169444";"0.036102169444";"LUMEN";"linux-rhel-7.8-test1";"linux-rhel-7.8-test1 - DSK";"GERENCIA DE TECNOLOGIA DE LA INFORMACION-TEST (HDD)";"MONTH";"30070341";"2";"CenturyLink - AAAA Nutanix PC v3";
"1";"3";"2021-10-01";"2021-10-31";"1";"UF";"1162";"217";"1736.000000000000";"1";"30070341";"NONE";"RAM";"UF";"304444";"9";"0.000076142857";"GB";"UF";"1";"0.000076142857";"0.001827428568";"0.054822857040";"1736.000000000000";"1736.000000000000";"1.000000000000";"1.000000000000";"0.132183999752";"0.132183999752";"0.132183999752";"LUMEN";"linux-rhel-7.8-test1";"linux-rhel-7.8-test1 - RAM";"GERENCIA DE TECNOLOGIA DE LA INFORMACION-TEST (HDD)";"HOUR";"30070341";"2";"CenturyLink - AAAA Nutanix PC v3";
"1";"3";"2021-10-01";"2021-10-31";"1";"UF";"1177";"217";"868.000000000000";"1";"30070341";"NONE";"CPU";"UF";"304446";"10";"0.000072571429";"UNT";"UF";"1";"0.000072571429";"0.001741714296";"0.052251428880";"868.000000000000";"868.000000000000";"1.000000000000";"1.000000000000";"0.062992000372";"0.062992000372";"0.062992000372";"LUMEN";"rhel78-test-drp";"rhel78-test-drp - CPU";"GERENCIA DE TECNOLOGIA DE LA INFORMACION-TEST (HDD)";"HOUR";"30070341";"2";"CenturyLink - AAAA Nutanix PC v3";
"1";"3";"2021-10-01";"2021-10-31";"1";"UF";"1188";"217";"208320.000000000000";"1";"30070341";"NONE";"DSK";"UF";"304446";"483";"0.001186000000";"GB";"UF";"3";"0.000001647222";"0.000039533333";"0.001186000000";"208320.000000000000";"289.333333333333";"1.000000000000";"1.000000000000";"0.343149333333";"0.343149333333";"0.343149333333";"LUMEN";"rhel78-test-drp";"rhel78-test-drp - DSK";"GERENCIA DE TECNOLOGIA DE LA INFORMACION-TEST (HDD)";"MONTH";"30070341";"2";"CenturyLink - AAAA Nutanix PC v3";
"1";"3";"2021-10-01";"2021-10-31";"1";"UF";"1189";"217";"21917.000000000000";"1";"30070341";"NONE";"DSK";"UF";"304446";"483";"0.001186000000";"GB";"UF";"3";"0.000001647222";"0.000039533333";"0.001186000000";"21917.000000000000";"30.440277777778";"1.000000000000";"1.000000000000";"0.036102169444";"0.036102169444";"0.036102169444";"LUMEN";"rhel78-test-drp";"rhel78-test-drp - DSK";"GERENCIA DE TECNOLOGIA DE LA INFORMACION-TEST (HDD)";"MONTH";"30070341";"2";"CenturyLink - AAAA Nutanix PC v3";
"1";"3";"2021-10-01";"2021-10-31";"1";"UF";"1178";"217";"1736.000000000000";"1";"30070341";"NONE";"RAM";"UF";"304446";"9";"0.000076142857";"GB";"UF";"1";"0.000076142857";"0.001827428568";"0.054822857040";"1736.000000000000";"1736.000000000000";"1.000000000000";"1.000000000000";"0.132183999752";"0.132183999752";"0.132183999752";"LUMEN";"rhel78-test-drp";"rhel78-test-drp - RAM";"GERENCIA DE TECNOLOGIA DE LA INFORMACION-TEST (HDD)";"HOUR";"30070341";"2";"CenturyLink - AAAA Nutanix PC v3";
"1";"3";"2021-10-01";"2021-10-31";"1";"UF";"1185";"217";"217.000000000000";"1";"30070341";"NONE";"CPU";"UF";"304447";"10";"0.000072571429";"UNT";"UF";"1";"0.000072571429";"0.001741714296";"0.052251428880";"217.000000000000";"217.000000000000";"1.000000000000";"1.000000000000";"0.015748000093";"0.015748000093";"0.015748000093";"LUMEN";"centos7-template";"centos7-template - CPU";"GERENCIA DE TECNOLOGIA DE LA INFORMACION-TEST (HDD)";"HOUR";"30070341";"2";"CenturyLink - AAAA Nutanix PC v3";
"1";"3";"2021-10-01";"2021-10-31";"1";"UF";"1190";"217";"1736.000000000000";"1";"30070341";"NONE";"DSK";"UF";"304447";"483";"0.001186000000";"GB";"UF";"3";"0.000001647222";"0.000039533333";"0.001186000000";"1736.000000000000";"2.411111111111";"1.000000000000";"1.000000000000";"0.002859577778";"0.002859577778";"0.002859577778";"LUMEN";"centos7-template";"centos7-template - DSK";"GERENCIA DE TECNOLOGIA DE LA INFORMACION-TEST (HDD)";"MONTH";"30070341";"2";"CenturyLink - AAAA Nutanix PC v3";
"1";"3";"2021-10-01";"2021-10-31";"1";"UF";"1186";"217";"868.000000000000";"1";"30070341";"NONE";"RAM";"UF";"304447";"9";"0.000076142857";"GB";"UF";"1";"0.000076142857";"0.001827428568";"0.054822857040";"868.000000000000";"868.000000000000";"1.000000000000";"1.000000000000";"0.066091999876";"0.066091999876";"0.066091999876";"LUMEN";"centos7-template";"centos7-template - RAM";"GERENCIA DE TECNOLOGIA DE LA INFORMACION-TEST (HDD)";"HOUR";"30070341";"2";"CenturyLink - AAAA Nutanix PC v3";
"1";"3";"2021-10-01";"2021-10-31";"1";"UF";"1197";"607";"0E-12";"1";"30070341";"NONE";"DRP";"UF";"304449";"1227";"0.001186000000";"GB";"UF";"3";"0.000001647222";"0.000039533333";"0.001186000000";"0E-12";"0E-12";"1.000000000000";"1.000000000000";"0E-12";"0E-12";"0E-12";"LUMEN";"poc-polpaico";"poc-polpaico - DRP";"GERENCIA DE TECNOLOGIA DE LA INFORMACION-TEST (HDD)";"MONTH";"30070341";"2";"CenturyLink - AAAA Nutanix PC v3";
"1";"3";"2021-10-01";"2021-10-31";"1";"UF";"1198";"607";"0E-12";"1";"30070341";"NONE";"SNP";"UF";"304449";"484";"0E-12";"GB";"UF";"3";"0E-12";"0E-12";"0E-12";"0E-12";"0E-12";"1.000000000000";"1.000000000000";"0E-12";"0E-12";"0E-12";"LUMEN";"poc-polpaico";"poc-polpaico - SNP";"GERENCIA DE TECNOLOGIA DE LA INFORMACION-TEST (HDD)";"MONTH";"30070341";"2";"CenturyLink - AAAA Nutanix PC v3";
"1";"3";"2021-10-01";"2021-10-31";"1";"UF";"1199";"607";"60700.000000000000";"1";"30070341";"NONE";"DSK";"UF";"304450";"483";"0.001186000000";"GB";"UF";"3";"0.000001647222";"0.000039533333";"0.001186000000";"60700.000000000000";"84.305555555556";"1.000000000000";"1.000000000000";"0.099986388889";"0.099986388889";"0.099986388889";"LUMEN";"DATA_disk";"DATA_disk - DSK";"GERENCIA DE TECNOLOGIA DE LA INFORMACION-TEST (HDD)";"MONTH";"30070341";"2";"CenturyLink - AAAA Nutanix PC v3";
"1";"3";"2021-10-01";"2021-10-31";"1";"UF";"1200";"607";"60700.000000000000";"1";"30070341";"NONE";"DSK";"UF";"304451";"483";"0.001186000000";"GB";"UF";"3";"0.000001647222";"0.000039533333";"0.001186000000";"60700.000000000000";"84.305555555556";"1.000000000000";"1.000000000000";"0.099986388889";"0.099986388889";"0.099986388889";"LUMEN";"OCR_disk2";"OCR_disk2 - DSK";"GERENCIA DE TECNOLOGIA DE LA INFORMACION-TEST (HDD)";"MONTH";"30070341";"2";"CenturyLink - AAAA Nutanix PC v3";
"1";"3";"2021-10-01";"2021-10-31";"1";"UF";"1201";"607";"6070.000000000000";"1";"30070341";"NONE";"DSK";"UF";"304452";"483";"0.001186000000";"GB";"UF";"3";"0.000001647222";"0.000039533333";"0.001186000000";"6070.000000000000";"8.430555555556";"1.000000000000";"1.000000000000";"0.009998638889";"0.009998638889";"0.009998638889";"LUMEN";"calm-f171c6fb";"calm-f171c6fb - DSK";"GERENCIA DE TECNOLOGIA DE LA INFORMACION-TEST (HDD)";"MONTH";"30070341";"2";"CenturyLink - AAAA Nutanix PC v3";
"1";"3";"2021-10-01";"2021-10-31";"1";"UF";"1202";"607";"60700.000000000000";"1";"30070341";"NONE";"DSK";"UF";"304453";"483";"0.001186000000";"GB";"UF";"3";"0.000001647222";"0.000039533333";"0.001186000000";"60700.000000000000";"84.305555555556";"1.000000000000";"1.000000000000";"0.099986388889";"0.099986388889";"0.099986388889";"LUMEN";"OCR_disk";"OCR_disk - DSK";"GERENCIA DE TECNOLOGIA DE LA INFORMACION-TEST (HDD)";"MONTH";"30070341";"2";"CenturyLink - AAAA Nutanix PC v3";
"1";"3";"2021-10-01";"2021-10-31";"1";"UF";"1203";"607";"607.000000000000";"1";"30070341";"NONE";"DSK";"UF";"304454";"483";"0.001186000000";"GB";"UF";"3";"0.000001647222";"0.000039533333";"0.001186000000";"607.000000000000";"0.843055555556";"1.000000000000";"1.000000000000";"0.000999863889";"0.000999863889";"0.000999863889";"LUMEN";"test";"test - DSK";"GERENCIA DE TECNOLOGIA DE LA INFORMACION-TEST (HDD)";"MONTH";"30070341";"2";"CenturyLink - AAAA Nutanix PC v3";
"1";"3";"2021-10-01";"2021-10-31";"1";"UF";"1204";"607";"30350.000000000000";"1";"30070341";"NONE";"DSK";"UF";"304455";"483";"0.001186000000";"GB";"UF";"3";"0.000001647222";"0.000039533333";"0.001186000000";"30350.000000000000";"42.152777777778";"1.000000000000";"1.000000000000";"0.049993194444";"0.049993194444";"0.049993194444";"LUMEN";"Lab_test";"Lab_test - DSK";"GERENCIA DE TECNOLOGIA DE LA INFORMACION-TEST (HDD)";"MONTH";"30070341";"2";"CenturyLink - AAAA Nutanix PC v3";
"1";"3";"2021-10-01";"2021-10-31";"1";"UF";"1205";"607";"60700.000000000000";"1";"30070341";"NONE";"DSK";"UF";"304456";"483";"0.001186000000";"GB";"UF";"3";"0.000001647222";"0.000039533333";"0.001186000000";"60700.000000000000";"84.305555555556";"1.000000000000";"1.000000000000";"0.099986388889";"0.099986388889";"0.099986388889";"LUMEN";"vote_disk";"vote_disk - DSK";"GERENCIA DE TECNOLOGIA DE LA INFORMACION-TEST (HDD)";"MONTH";"30070341";"2";"CenturyLink - AAAA Nutanix PC v3";
"1";"3";"2021-10-01";"2021-10-31";"1";"UF";"1206";"607";"6070.000000000000";"1";"30070341";"NONE";"DSK";"UF";"304457";"483";"0.001186000000";"GB";"UF";"3";"0.000001647222";"0.000039533333";"0.001186000000";"6070.000000000000";"8.430555555556";"1.000000000000";"1.000000000000";"0.009998638889";"0.009998638889";"0.009998638889";"LUMEN";"calm-c00e17d8";"calm-c00e17d8 - DSK";"GERENCIA DE TECNOLOGIA DE LA INFORMACION-TEST (HDD)";"MONTH";"30070341";"2";"CenturyLink - AAAA Nutanix PC v3";
"1";"3";"2021-10-01";"2021-10-31";"1";"UF";"1575";"607";"0E-12";"1";"30070341";"NONE";"DRP";"UF";"304508";"1227";"0.001186000000";"GB";"UF";"3";"0.000001647222";"0.000039533333";"0.001186000000";"0E-12";"0E-12";"1.000000000000";"1.000000000000";"0E-12";"0E-12";"0E-12";"LUMEN";"centos7_mpoblete";"centos7_mpoblete - DRP";"GERENCIA DE TECNOLOGIA DE LA INFORMACION-TEST (HDD)";"MONTH";"30070341";"2";"CenturyLink - AAAA Nutanix PC v3";
"1";"3";"2021-10-01";"2021-10-31";"1";"UF";"1576";"607";"0E-12";"1";"30070341";"NONE";"SNP";"UF";"304508";"484";"0E-12";"GB";"UF";"3";"0E-12";"0E-12";"0E-12";"0E-12";"0E-12";"1.000000000000";"1.000000000000";"0E-12";"0E-12";"0E-12";"LUMEN";"centos7_mpoblete";"centos7_mpoblete - SNP";"GERENCIA DE TECNOLOGIA DE LA INFORMACION-TEST (HDD)";"MONTH";"30070341";"2";"CenturyLink - AAAA Nutanix PC v3";
"1";"3";"2021-10-01";"2021-10-31";"1";"UF";"1577";"390";"1560.000000000000";"1";"30070341";"NONE";"CPU";"UF";"304509";"10";"0.000072571429";"UNT";"UF";"1";"0.000072571429";"0.001741714296";"0.052251428880";"1560.000000000000";"1560.000000000000";"1.000000000000";"1.000000000000";"0.113211429240";"0.113211429240";"0.113211429240";"LUMEN";"PRISM-CENTRAL";"PRISM-CENTRAL - CPU";"GERENCIA DE TECNOLOGIA DE LA INFORMACION-TEST (HDD)";"HOUR";"30070341";"2";"CenturyLink - AAAA Nutanix PC v3";
"1";"3";"2021-10-01";"2021-10-31";"1";"UF";"1584";"391";"533.708164215096";"1";"30070341";"NONE";"DRP";"UF";"304509";"1227";"0.001186000000";"GB";"UF";"3";"0.000001647222";"0.000039533333";"0.001186000000";"533.708164215096";"0.741261339188";"1.000000000000";"1.000000000000";"0.000879135948";"0.000879135948";"0.000879135948";"LUMEN";"PRISM-CENTRAL";"PRISM-CENTRAL - DRP";"GERENCIA DE TECNOLOGIA DE LA INFORMACION-TEST (HDD)";"MONTH";"30070341";"2";"CenturyLink - AAAA Nutanix PC v3";
"1";"3";"2021-10-01";"2021-10-31";"1";"UF";"1579";"390";"5.712890625000";"1";"30070341";"NONE";"DSK";"UF";"304509";"483";"0.001186000000";"GB";"UF";"3";"0.000001647222";"0.000039533333";"0.001186000000";"5.712890625000";"0.007934570312";"1.000000000000";"1.000000000000";"0.000009410400";"0.000009410400";"0.000009410400";"LUMEN";"PRISM-CENTRAL";"PRISM-CENTRAL - DSK";"GERENCIA DE TECNOLOGIA DE LA INFORMACION-TEST (HDD)";"MONTH";"30070341";"2";"CenturyLink - AAAA Nutanix PC v3";
"1";"3";"2021-10-01";"2021-10-31";"1";"UF";"1580";"390";"27856.816406250000";"1";"30070341";"NONE";"DSK";"UF";"304509";"483";"0.001186000000";"GB";"UF";"3";"0.000001647222";"0.000039533333";"0.001186000000";"27856.816406250000";"38.690022786458";"1.000000000000";"1.000000000000";"0.045886367025";"0.045886367025";"0.045886367025";"LUMEN";"PRISM-CENTRAL";"PRISM-CENTRAL - DSK";"GERENCIA DE TECNOLOGIA DE LA INFORMACION-TEST (HDD)";"MONTH";"30070341";"2";"CenturyLink - AAAA Nutanix PC v3";
"1";"3";"2021-10-01";"2021-10-31";"1";"UF";"1581";"390";"27300.000000000000";"1";"30070341";"NONE";"DSK";"UF";"304509";"483";"0.001186000000";"GB";"UF";"3";"0.000001647222";"0.000039533333";"0.001186000000";"27300.000000000000";"37.916666666667";"1.000000000000";"1.000000000000";"0.044969166667";"0.044969166667";"0.044969166667";"LUMEN";"PRISM-CENTRAL";"PRISM-CENTRAL - DSK";"GERENCIA DE TECNOLOGIA DE LA INFORMACION-TEST (HDD)";"MONTH";"30070341";"2";"CenturyLink - AAAA Nutanix PC v3";
"1";"3";"2021-10-01";"2021-10-31";"1";"UF";"1582";"390";"195000.000000000000";"1";"30070341";"NONE";"DSK";"UF";"304509";"483";"0.001186000000";"GB";"UF";"3";"0.000001647222";"0.000039533333";"0.001186000000";"195000.000000000000";"270.833333333333";"1.000000000000";"1.000000000000";"0.321208333333";"0.321208333333";"0.321208333333";"LUMEN";"PRISM-CENTRAL";"PRISM-CENTRAL - DSK";"GERENCIA DE TECNOLOGIA DE LA INFORMACION-TEST (HDD)";"MONTH";"30070341";"2";"CenturyLink - AAAA Nutanix PC v3";
"1";"3";"2021-10-01";"2021-10-31";"1";"UF";"1578";"390";"7800.000000000000";"1";"30070341";"NONE";"RAM";"UF";"304509";"9";"0.000076142857";"GB";"UF";"1";"0.000076142857";"0.001827428568";"0.054822857040";"7800.000000000000";"7800.000000000000";"1.000000000000";"1.000000000000";"0.593914284600";"0.593914284600";"0.593914284600";"LUMEN";"PRISM-CENTRAL";"PRISM-CENTRAL - RAM";"GERENCIA DE TECNOLOGIA DE LA INFORMACION-TEST (HDD)";"HOUR";"30070341";"2";"CenturyLink - AAAA Nutanix PC v3";
"1";"3";"2021-10-01";"2021-10-31";"1";"UF";"1583";"391";"0E-12";"1";"30070341";"NONE";"SNP";"UF";"304509";"484";"0E-12";"GB";"UF";"3";"0E-12";"0E-12";"0E-12";"0E-12";"0E-12";"1.000000000000";"1.000000000000";"0E-12";"0E-12";"0E-12";"LUMEN";"PRISM-CENTRAL";"PRISM-CENTRAL - SNP";"GERENCIA DE TECNOLOGIA DE LA INFORMACION-TEST (HDD)";"MONTH";"30070341";"2";"CenturyLink - AAAA Nutanix PC v3";
"1";"3";"2021-10-01";"2021-10-31";"1";"UF";"1585";"1";"1.000000000000";"1";"30070341";"NONE";"CPU";"UF";"304510";"10";"0.000072571429";"UNT";"UF";"1";"0.000072571429";"0.001741714296";"0.052251428880";"1.000000000000";"1.000000000000";"1.000000000000";"1.000000000000";"0.000072571429";"0.000072571429";"0.000072571429";"LUMEN";"centos7_rgarabito";"centos7_rgarabito - CPU";"GERENCIA DE TECNOLOGIA DE LA INFORMACION-TEST (HDD)";"HOUR";"30070341";"2";"CenturyLink - AAAA Nutanix PC v3";
"1";"3";"2021-10-01";"2021-10-31";"1";"UF";"1588";"25";"0.187981128700";"1";"30070341";"NONE";"DRP";"UF";"304510";"1227";"0.001186000000";"GB";"UF";"3";"0.000001647222";"0.000039533333";"0.001186000000";"0.187981128700";"0.000261084901";"1.000000000000";"1.000000000000";"3.09647E-7";"3.09647E-7";"3.09647E-7";"LUMEN";"centos7_rgarabito";"centos7_rgarabito - DRP";"GERENCIA DE TECNOLOGIA DE LA INFORMACION-TEST (HDD)";"MONTH";"30070341";"2";"CenturyLink - AAAA Nutanix PC v3";
"1";"3";"2021-10-01";"2021-10-31";"1";"UF";"1587";"1";"8.000000000000";"1";"30070341";"NONE";"DSK";"UF";"304510";"483";"0.001186000000";"GB";"UF";"3";"0.000001647222";"0.000039533333";"0.001186000000";"8.000000000000";"0.011111111111";"1.000000000000";"1.000000000000";"0.000013177778";"0.000013177778";"0.000013177778";"LUMEN";"centos7_rgarabito";"centos7_rgarabito - DSK";"GERENCIA DE TECNOLOGIA DE LA INFORMACION-TEST (HDD)";"MONTH";"30070341";"2";"CenturyLink - AAAA Nutanix PC v3";
"1";"3";"2021-10-01";"2021-10-31";"1";"UF";"1586";"1";"4.000000000000";"1";"30070341";"NONE";"RAM";"UF";"304510";"9";"0.000076142857";"GB";"UF";"1";"0.000076142857";"0.001827428568";"0.054822857040";"4.000000000000";"4.000000000000";"1.000000000000";"1.000000000000";"0.000304571428";"0.000304571428";"0.000304571428";"LUMEN";"centos7_rgarabito";"centos7_rgarabito - RAM";"GERENCIA DE TECNOLOGIA DE LA INFORMACION-TEST (HDD)";"HOUR";"30070341";"2";"CenturyLink - AAAA Nutanix PC v3";
"1";"3";"2021-10-01";"2021-10-31";"1";"UF";"1589";"255";"1.130473613750";"1";"30070341";"NONE";"SNP";"UF";"304510";"484";"0E-12";"GB";"UF";"3";"0E-12";"0E-12";"0E-12";"1.130473613750";"0.001570102241";"1.000000000000";"1.000000000000";"0E-12";"0E-12";"0E-12";"LUMEN";"centos7_rgarabito";"centos7_rgarabito - SNP";"GERENCIA DE TECNOLOGIA DE LA INFORMACION-TEST (HDD)";"MONTH";"30070341";"2";"CenturyLink - AAAA Nutanix PC v3";
"1";"3";"2021-10-01";"2021-10-31";"1";"UF";"1590";"8";"16.000000000000";"1";"30070341";"NONE";"CPU";"UF";"304511";"10";"0.000072571429";"UNT";"UF";"1";"0.000072571429";"0.001741714296";"0.052251428880";"16.000000000000";"16.000000000000";"1.000000000000";"1.000000000000";"0.001161142864";"0.001161142864";"0.001161142864";"LUMEN";"pocengie";"pocengie - CPU";"GERENCIA DE TECNOLOGIA DE LA INFORMACION-TEST (HDD)";"HOUR";"30070341";"2";"CenturyLink - AAAA Nutanix PC v3";
"1";"3";"2021-10-01";"2021-10-31";"1";"UF";"1593";"8";"0.353557586672";"1";"30070341";"NONE";"DRP";"UF";"304511";"1227";"0.001186000000";"GB";"UF";"3";"0.000001647222";"0.000039533333";"0.001186000000";"0.353557586672";"0.000491052204";"1.000000000000";"1.000000000000";"5.82388E-7";"5.82388E-7";"5.82388E-7";"LUMEN";"pocengie";"pocengie - DRP";"GERENCIA DE TECNOLOGIA DE LA INFORMACION-TEST (HDD)";"MONTH";"30070341";"2";"CenturyLink - AAAA Nutanix PC v3";
"1";"3";"2021-10-01";"2021-10-31";"1";"UF";"1592";"8";"64.000000000000";"1";"30070341";"NONE";"DSK";"UF";"304511";"483";"0.001186000000";"GB";"UF";"3";"0.000001647222";"0.000039533333";"0.001186000000";"64.000000000000";"0.088888888889";"1.000000000000";"1.000000000000";"0.000105422222";"0.000105422222";"0.000105422222";"LUMEN";"pocengie";"pocengie - DSK";"GERENCIA DE TECNOLOGIA DE LA INFORMACION-TEST (HDD)";"MONTH";"30070341";"2";"CenturyLink - AAAA Nutanix PC v3";
"1";"3";"2021-10-01";"2021-10-31";"1";"UF";"1591";"8";"48.000000000000";"1";"30070341";"NONE";"RAM";"UF";"304511";"9";"0.000076142857";"GB";"UF";"1";"0.000076142857";"0.001827428568";"0.054822857040";"48.000000000000";"48.000000000000";"1.000000000000";"1.000000000000";"0.003654857136";"0.003654857136";"0.003654857136";"LUMEN";"pocengie";"pocengie - RAM";"GERENCIA DE TECNOLOGIA DE LA INFORMACION-TEST (HDD)";"HOUR";"30070341";"2";"CenturyLink - AAAA Nutanix PC v3";
"1";"3";"2021-10-01";"2021-10-31";"1";"UF";"1595";"58";"5800.000000000000";"1";"30070341";"NONE";"IMG";"UF";"304512";"1501";"0E-12";"GB";"UF";"3";"0E-12";"0E-12";"0E-12";"5800.000000000000";"8.055555555556";"1.000000000000";"1.000000000000";"0E-12";"0E-12";"0E-12";"LUMEN";"cloud_windows-scsi.0";"cloud_windows-scsi.0 - IMG";"GERENCIA DE TECNOLOGIA DE LA INFORMACION-TEST (HDD)";"MONTH";"30070341";"2";"CenturyLink - AAAA Nutanix PC v3";
